"game","canonicalGameId","commentId","url","postUrl","publishedAt","status","sourceVerifiedAt","published"
"Starfield","steam_1716740","29092490","https://dtf.ru/id123425/2084400-o-starfield-ili-operaciya-ohladit-by?comment=29092490","https://dtf.ru/id123425/2084400-o-starfield-ili-operaciya-ohladit-by","2023-09-04T04:43:11.000Z","verified","2026-07-24","true"
"Starfield","steam_1716740","29575376","https://dtf.ru/games/2115320-starfield-issledoval-100-planet-i-teper-delyus-mneniem-ob-igre?comment=29575376","https://dtf.ru/games/2115320-starfield-issledoval-100-planet-i-teper-delyus-mneniem-ob-igre","2023-09-15T05:00:20.000Z","verified","2026-07-24","true"
"Starfield","steam_1716740","33869308","https://dtf.ru/games/2382225-protivorechie-goda-starfield?comment=33869308","https://dtf.ru/games/2382225-protivorechie-goda-starfield","2023-12-30T10:51:18.000Z","verified","2026-07-24","true"
"Starfield","steam_1716740","33868947","https://dtf.ru/games/2382225-protivorechie-goda-starfield?comment=33868947","https://dtf.ru/games/2382225-protivorechie-goda-starfield","2023-12-30T10:41:54.000Z","verified","2026-07-24","true"
"Starfield","steam_1716740","28943930","https://dtf.ru/games/2074898-ocenki-starfield-88-ballov-iz-100-na-metacritic?comment=28943930","https://dtf.ru/games/2074898-ocenki-starfield-88-ballov-iz-100-na-metacritic","2023-08-31T16:05:13.000Z","verified","2026-07-24","true"
"Starfield","steam_1716740","33238647","https://dtf.ru/gameindustry/2345832-dizain-direktor-starfield-obratilsya-k-kritikam-igr-ne-dumaite-chto-znaete-pochemu-oni-vyhodyat-imenno-takimi?comment=33238647","https://dtf.ru/gameindustry/2345832-dizain-direktor-starfield-obratilsya-k-kritikam-igr-ne-dumaite-chto-znaete-pochemu-oni-vyhodyat-imenno-takimi","2023-12-14T11:39:13.000Z","verified","2026-07-24","true"
"Starfield","steam_1716740","29092457","https://dtf.ru/id123425/2084400-o-starfield-ili-operaciya-ohladit-by?comment=29092457","https://dtf.ru/id123425/2084400-o-starfield-ili-operaciya-ohladit-by","2023-09-04T04:41:50.000Z","verified","2026-07-24","false"
"Starfield","steam_1716740","29092976","https://dtf.ru/id123425/2084400-o-starfield-ili-operaciya-ohladit-by?comment=29092976","https://dtf.ru/id123425/2084400-o-starfield-ili-operaciya-ohladit-by","2023-09-04T05:00:12.000Z","verified","2026-07-24","false"
"Starfield","steam_1716740","33869158","https://dtf.ru/games/2382225-protivorechie-goda-starfield?comment=33869158","https://dtf.ru/games/2382225-protivorechie-goda-starfield","2023-12-30T10:47:06.000Z","verified","2026-07-24","false"
"Cyberpunk 2077","steam_1091500","34183277","https://dtf.ru/granger/2406112-dlya-cyberpunk-2077-phantom-liberty-vyshla-neiroozvuchka-na-russkom-yazyke?comment=34183277","https://dtf.ru/granger/2406112-dlya-cyberpunk-2077-phantom-liberty-vyshla-neiroozvuchka-na-russkom-yazyke","2024-01-07T14:16:24.000Z","verified","2026-07-24","true"
"Cyberpunk 2077","steam_1091500","37505676","https://dtf.ru/games/2597606-heiteram-predlagayu-vspomnit-reliz-cyberpunk-2077-chto-pishut-igroki-o-smute?comment=37505676","https://dtf.ru/games/2597606-heiteram-predlagayu-vspomnit-reliz-cyberpunk-2077-chto-pishut-igroki-o-smute","2024-04-04T18:18:37.000Z","verified","2026-07-24","true"
"Cyberpunk 2077","steam_1091500","34183342","https://dtf.ru/granger/2406112-dlya-cyberpunk-2077-phantom-liberty-vyshla-neiroozvuchka-na-russkom-yazyke?comment=34183342","https://dtf.ru/granger/2406112-dlya-cyberpunk-2077-phantom-liberty-vyshla-neiroozvuchka-na-russkom-yazyke","2024-01-07T14:17:51.000Z","verified","2026-07-24","true"
"Cyberpunk 2077","steam_1091500","54077822","https://dtf.ru/granger/3902170-patch-2-3-dlya-cyberpunk-2077?comment=54077822","https://dtf.ru/granger/3902170-patch-2-3-dlya-cyberpunk-2077","2025-07-16T15:53:32.000Z","verified","2026-07-24","true"
"Cyberpunk 2077","steam_1091500","37507558","https://dtf.ru/games/2597606-heiteram-predlagayu-vspomnit-reliz-cyberpunk-2077-chto-pishut-igroki-o-smute?comment=37507558","https://dtf.ru/games/2597606-heiteram-predlagayu-vspomnit-reliz-cyberpunk-2077-chto-pishut-igroki-o-smute","2024-04-04T19:24:43.000Z","verified","2026-07-24","true"
"Cyberpunk 2077","steam_1091500","37505439","https://dtf.ru/games/2597606-heiteram-predlagayu-vspomnit-reliz-cyberpunk-2077-chto-pishut-igroki-o-smute?comment=37505439","https://dtf.ru/games/2597606-heiteram-predlagayu-vspomnit-reliz-cyberpunk-2077-chto-pishut-igroki-o-smute","2024-04-04T18:11:50.000Z","verified","2026-07-24","true"
"Cyberpunk 2077","steam_1091500","54077930","https://dtf.ru/granger/3902170-patch-2-3-dlya-cyberpunk-2077?comment=54077930","https://dtf.ru/granger/3902170-patch-2-3-dlya-cyberpunk-2077","2025-07-16T15:56:13.000Z","verified","2026-07-24","false"
"Cyberpunk 2077","steam_1091500","32738052","https://dtf.ru/games/2314020-cdpr-predstavila-masshtabnyi-patch-21-dlya-cyberpunk-2077-v-nem-dobavyat-metro?comment=32738052","https://dtf.ru/games/2314020-cdpr-predstavila-masshtabnyi-patch-21-dlya-cyberpunk-2077-v-nem-dobavyat-metro","2023-12-01T16:35:14.000Z","verified","2026-07-24","false"
"Cyberpunk 2077","steam_1091500","27114428","https://dtf.ru/gameindustry/1956791-obzory-cyberpunk-2077-v-steam-stali-ochen-polozhitelnymi-spustya-dva-s-polovinoi-goda-posle-reliza?comment=27114428","https://dtf.ru/gameindustry/1956791-obzory-cyberpunk-2077-v-steam-stali-ochen-polozhitelnymi-spustya-dva-s-polovinoi-goda-posle-reliza","2023-07-14T15:13:18.000Z","verified","2026-07-24","false"
"Baldur’s Gate 3","steam_1086940","27410199","https://dtf.ru/games/1977565-sven-vinke-chestno-govorya-ne-ponimayu-pochemu-drugie-studii-ne-delayut-klassicheskie-rpg?comment=27410199","https://dtf.ru/games/1977565-sven-vinke-chestno-govorya-ne-ponimayu-pochemu-drugie-studii-ne-delayut-klassicheskie-rpg","2023-07-23T09:53:51.000Z","verified","2026-07-24","true"
"Baldur’s Gate 3","steam_1086940","33904347","https://dtf.ru/games/2376144-igra-goda-1-mesto-baldurs-gate-3?comment=33904347","https://dtf.ru/games/2376144-igra-goda-1-mesto-baldurs-gate-3","2023-12-31T10:02:05.000Z","verified","2026-07-24","true"
"Baldur’s Gate 3","steam_1086940","33904329","https://dtf.ru/games/2376144-igra-goda-1-mesto-baldurs-gate-3?comment=33904329","https://dtf.ru/games/2376144-igra-goda-1-mesto-baldurs-gate-3","2023-12-31T10:01:49.000Z","verified","2026-07-24","true"
"Baldur’s Gate 3","steam_1086940","33636440","https://dtf.ru/games/2370927-sravnitelnyi-analiz-dizaina-baldurs-gate-3-i-wh40k-rogue-trader?comment=33636440","https://dtf.ru/games/2370927-sravnitelnyi-analiz-dizaina-baldurs-gate-3-i-wh40k-rogue-trader","2023-12-24T17:31:49.000Z","verified","2026-07-24","true"
"Baldur’s Gate 3","steam_1086940","28691943","https://dtf.ru/games/2059618-u-baldurs-gate-3-poyavilsya-pervyi-smeshannyi-obzor-na-metacritic-zhurnalist-postavil-igre-7-ballov-iz-10?comment=28691943","https://dtf.ru/games/2059618-u-baldurs-gate-3-poyavilsya-pervyi-smeshannyi-obzor-na-metacritic-zhurnalist-postavil-igre-7-ballov-iz-10","2023-08-25T13:37:55.000Z","verified","2026-07-24","true"
"Baldur’s Gate 3","steam_1086940","44335051","https://dtf.ru/games/3083243-100-luchshih-pk-igr-po-versii-pc-gamer-baldurs-gate-3-na-pervom-meste?comment=44335051","https://dtf.ru/games/3083243-100-luchshih-pk-igr-po-versii-pc-gamer-baldurs-gate-3-na-pervom-meste","2024-10-14T16:36:19.000Z","verified","2026-07-24","true"
"Baldur’s Gate 3","steam_1086940","44333540","https://dtf.ru/games/3083243-100-luchshih-pk-igr-po-versii-pc-gamer-baldurs-gate-3-na-pervom-meste?comment=44333540","https://dtf.ru/games/3083243-100-luchshih-pk-igr-po-versii-pc-gamer-baldurs-gate-3-na-pervom-meste","2024-10-14T15:56:13.000Z","verified","2026-07-24","false"
"Baldur’s Gate 3","steam_1086940","31852364","https://dtf.ru/games/2254962-absolyutnyi-triumf-baldurs-gate-3-itogi-golden-joystick-awards-2023?comment=31852364","https://dtf.ru/games/2254962-absolyutnyi-triumf-baldurs-gate-3-itogi-golden-joystick-awards-2023","2023-11-10T18:06:12.000Z","verified","2026-07-24","false"
"Baldur’s Gate 3","steam_1086940","28691839","https://dtf.ru/games/2059618-u-baldurs-gate-3-poyavilsya-pervyi-smeshannyi-obzor-na-metacritic-zhurnalist-postavil-igre-7-ballov-iz-10?comment=28691839","https://dtf.ru/games/2059618-u-baldurs-gate-3-poyavilsya-pervyi-smeshannyi-obzor-na-metacritic-zhurnalist-postavil-igre-7-ballov-iz-10","2023-08-25T13:35:31.000Z","verified","2026-07-24","false"
"DEATH STRANDING","steam_1190460","35186056","https://dtf.ru/games/2462640-death-stranding-2-remeik-silent-hill-2-i-judas-chto-pokazali-na-state-of-play?comment=35186056","https://dtf.ru/games/2462640-death-stranding-2-remeik-silent-hill-2-i-judas-chto-pokazali-na-state-of-play","2024-01-31T22:41:19.000Z","verified","2026-07-24","true"
"DEATH STRANDING","steam_1190460","49634525","https://dtf.ru/games/3626613-death-stranding-2-vyidet-26-iyunya-bolshoi-treiler-skrinshoty-i-podrobnosti-ob-igre?comment=49634525","https://dtf.ru/games/3626613-death-stranding-2-vyidet-26-iyunya-bolshoi-treiler-skrinshoty-i-podrobnosti-ob-igre","2025-03-09T21:17:30.000Z","verified","2026-07-24","true"
"DEATH STRANDING","steam_1190460","49635079","https://dtf.ru/games/3626613-death-stranding-2-vyidet-26-iyunya-bolshoi-treiler-skrinshoty-i-podrobnosti-ob-igre?comment=49635079","https://dtf.ru/games/3626613-death-stranding-2-vyidet-26-iyunya-bolshoi-treiler-skrinshoty-i-podrobnosti-ob-igre","2025-03-09T21:44:32.000Z","verified","2026-07-24","true"
"DEATH STRANDING","steam_1190460","49635516","https://dtf.ru/games/3626613-death-stranding-2-vyidet-26-iyunya-bolshoi-treiler-skrinshoty-i-podrobnosti-ob-igre?comment=49635516","https://dtf.ru/games/3626613-death-stranding-2-vyidet-26-iyunya-bolshoi-treiler-skrinshoty-i-podrobnosti-ob-igre","2025-03-09T22:06:36.000Z","verified","2026-07-24","true"
"DEATH STRANDING","steam_1190460","35187253","https://dtf.ru/games/2462640-death-stranding-2-remeik-silent-hill-2-i-judas-chto-pokazali-na-state-of-play?comment=35187253","https://dtf.ru/games/2462640-death-stranding-2-remeik-silent-hill-2-i-judas-chto-pokazali-na-state-of-play","2024-01-31T23:11:19.000Z","verified","2026-07-24","true"
"DEATH STRANDING","steam_1190460","53284667","https://dtf.ru/games/3851499-death-stranding-2-obzory-i-otsenki?comment=53284667","https://dtf.ru/games/3851499-death-stranding-2-obzory-i-otsenki","2025-06-23T12:13:30.000Z","verified","2026-07-24","true"
"DEATH STRANDING","steam_1190460","53286606","https://dtf.ru/games/3851499-death-stranding-2-obzory-i-otsenki?comment=53286606","https://dtf.ru/games/3851499-death-stranding-2-obzory-i-otsenki","2025-06-23T13:03:26.000Z","verified","2026-07-24","false"
"DEATH STRANDING","steam_1190460","35187492","https://dtf.ru/games/2462640-death-stranding-2-remeik-silent-hill-2-i-judas-chto-pokazali-na-state-of-play?comment=35187492","https://dtf.ru/games/2462640-death-stranding-2-remeik-silent-hill-2-i-judas-chto-pokazali-na-state-of-play","2024-01-31T23:19:47.000Z","verified","2026-07-24","false"
"DEATH STRANDING","steam_1190460","53286687","https://dtf.ru/games/3851499-death-stranding-2-obzory-i-otsenki?comment=53286687","https://dtf.ru/games/3851499-death-stranding-2-obzory-i-otsenki","2025-06-23T13:05:13.000Z","verified","2026-07-24","false"
"The Day Before","steam_1372880","32990516","https://dtf.ru/games/2330791-mmo-ekshen-the-day-before-vyshel-v-rannem-dostupe-igra-stoit-1300-rublei?comment=32990516","https://dtf.ru/games/2330791-mmo-ekshen-the-day-before-vyshel-v-rannem-dostupe-igra-stoit-1300-rublei","2023-12-07T18:01:41.000Z","verified","2026-07-24","true"
"The Day Before","steam_1372880","33138345","https://dtf.ru/gameindustry/2340041-progrev-goda-kak-v-seti-otreagirovali-na-zakrytie-studii-fntastic?comment=33138345","https://dtf.ru/gameindustry/2340041-progrev-goda-kak-v-seti-otreagirovali-na-zakrytie-studii-fntastic","2023-12-11T20:36:14.000Z","verified","2026-07-24","true"
"The Day Before","steam_1372880","33028655","https://dtf.ru/games/2333429-the-day-before-voshla-v-troiku-samyh-nizkoocenennyh-igr-v-steam-sredi-taitlov-s-tysyachami-obzorov?comment=33028655","https://dtf.ru/games/2333429-the-day-before-voshla-v-troiku-samyh-nizkoocenennyh-igr-v-steam-sredi-taitlov-s-tysyachami-obzorov","2023-12-08T15:24:35.000Z","verified","2026-07-24","true"
"The Day Before","steam_1372880","35242867","https://dtf.ru/gameindustry/2465680-smi-the-day-before-menyali-pod-vpechatleniem-ot-drugih-igr-a-sotrudnikov-fntastic-shtrafovali-i-uvolnyali-za-oshibki?comment=35242867","https://dtf.ru/gameindustry/2465680-smi-the-day-before-menyali-pod-vpechatleniem-ot-drugih-igr-a-sotrudnikov-fntastic-shtrafovali-i-uvolnyali-za-oshibki","2024-02-02T09:47:42.000Z","verified","2026-07-24","true"
"The Day Before","steam_1372880","32997663","https://dtf.ru/gameindustry/2331192-onlain-ekshen-the-day-before-ot-studii-fntastic-startoval-v-steam-s-14-polozhitelnyh-otzyvov?comment=32997663","https://dtf.ru/gameindustry/2331192-onlain-ekshen-the-day-before-ot-studii-fntastic-startoval-v-steam-s-14-polozhitelnyh-otzyvov","2023-12-07T21:50:39.000Z","verified","2026-07-24","true"
"The Day Before","steam_1372880","33132080","https://dtf.ru/gameindustry/2339862-studiya-fntastic-obyavila-o-svoem-zakrytii-iz-za-finansovogo-kraha-the-day-before?comment=33132080","https://dtf.ru/gameindustry/2339862-studiya-fntastic-obyavila-o-svoem-zakrytii-iz-za-finansovogo-kraha-the-day-before","2023-12-11T17:43:30.000Z","verified","2026-07-24","true"
"The Day Before","steam_1372880","33132414","https://dtf.ru/gameindustry/2339862-studiya-fntastic-obyavila-o-svoem-zakrytii-iz-za-finansovogo-kraha-the-day-before?comment=33132414","https://dtf.ru/gameindustry/2339862-studiya-fntastic-obyavila-o-svoem-zakrytii-iz-za-finansovogo-kraha-the-day-before","2023-12-11T17:49:59.000Z","verified","2026-07-24","false"
"The Day Before","steam_1372880","33176637","https://dtf.ru/gameindustry/2342480-lyubogo-kto-chasto-zhalovalsya-vygonyali-sotrudnik-fntastic-rasskazal-o-razrabotke-the-day-before?comment=33176637","https://dtf.ru/gameindustry/2342480-lyubogo-kto-chasto-zhalovalsya-vygonyali-sotrudnik-fntastic-rasskazal-o-razrabotke-the-day-before","2023-12-12T20:32:36.000Z","verified","2026-07-24","false"
"The Day Before","steam_1372880","33141251","https://dtf.ru/gameindustry/2340331-the-day-before-snyali-s-prodazhi-v-steam?comment=33141251","https://dtf.ru/gameindustry/2340331-the-day-before-snyali-s-prodazhi-v-steam","2023-12-11T23:04:05.000Z","verified","2026-07-24","false"
"Atomic Heart","steam_668580","22913772","https://dtf.ru/bewareofgod/1645531-na-pk-i-konsolyah-sostoyalsya-reliz-atomic-heart-ekshena-ob-alternativnom-sssr?comment=22913772","https://dtf.ru/bewareofgod/1645531-na-pk-i-konsolyah-sostoyalsya-reliz-atomic-heart-ekshena-ob-alternativnom-sssr","2023-02-20T23:06:44.000Z","verified","2026-07-24","true"
"Atomic Heart","steam_668580","22309915","https://dtf.ru/id344984/1599973-kto-i-zachem-nachal-zashishat-atomic-heart-kogda-razrabotchiki-diskreditirovali-sami-sebya?comment=22309915","https://dtf.ru/id344984/1599973-kto-i-zachem-nachal-zashishat-atomic-heart-kogda-razrabotchiki-diskreditirovali-sami-sebya","2023-01-31T02:45:07.000Z","verified","2026-07-24","true"
"Atomic Heart","steam_668580","22857889","https://dtf.ru/games/1641280-utechka-debag-sborka-atomic-heartpopala-v-set-do-reliza?comment=22857889","https://dtf.ru/games/1641280-utechka-debag-sborka-atomic-heartpopala-v-set-do-reliza","2023-02-19T06:41:59.000Z","verified","2026-07-24","true"
"Atomic Heart","steam_668580","22765849","https://dtf.ru/games/1634280-obzory-atomic-heart-vyidut-20-fevralya-za-den-do-reliza-igry?comment=22765849","https://dtf.ru/games/1634280-obzory-atomic-heart-vyidut-20-fevralya-za-den-do-reliza-igry","2023-02-15T14:53:34.000Z","verified","2026-07-24","true"
"Atomic Heart","steam_668580","23045617","https://dtf.ru/gameindustry/1654746-razrabotchiki-atomic-heart-poobeshali-ubrat-iz-igry-fragment-multfilma-nu-pogodi-kotoryi-sochli-rasistskim-v-seti?comment=23045617","https://dtf.ru/gameindustry/1654746-razrabotchiki-atomic-heart-poobeshali-ubrat-iz-igry-fragment-multfilma-nu-pogodi-kotoryi-sochli-rasistskim-v-seti","2023-02-25T10:39:01.000Z","verified","2026-07-24","true"
"Atomic Heart","steam_668580","23042995","https://dtf.ru/gameindustry/1654746-razrabotchiki-atomic-heart-poobeshali-ubrat-iz-igry-fragment-multfilma-nu-pogodi-kotoryi-sochli-rasistskim-v-seti?comment=23042995","https://dtf.ru/gameindustry/1654746-razrabotchiki-atomic-heart-poobeshali-ubrat-iz-igry-fragment-multfilma-nu-pogodi-kotoryi-sochli-rasistskim-v-seti","2023-02-25T08:54:00.000Z","verified","2026-07-24","true"
"Atomic Heart","steam_668580","22858255","https://dtf.ru/games/1641280-utechka-debag-sborka-atomic-heartpopala-v-set-do-reliza?comment=22858255","https://dtf.ru/games/1641280-utechka-debag-sborka-atomic-heartpopala-v-set-do-reliza","2023-02-19T07:03:26.000Z","verified","2026-07-24","false"
"Atomic Heart","steam_668580","22857909","https://dtf.ru/games/1641280-utechka-debag-sborka-atomic-heartpopala-v-set-do-reliza?comment=22857909","https://dtf.ru/games/1641280-utechka-debag-sborka-atomic-heartpopala-v-set-do-reliza","2023-02-19T06:43:40.000Z","verified","2026-07-24","false"
"Atomic Heart","steam_668580","33625538","https://dtf.ru/games/2363387-debyut-goda-atomic-heart?comment=33625538","https://dtf.ru/games/2363387-debyut-goda-atomic-heart","2023-12-24T12:02:08.000Z","verified","2026-07-24","false"
"The Elder Scrolls V: Skyrim Special Edition","steam_489830","29305569","https://dtf.ru/games/2097853-tovary-prodavcov-v-starfield-hranyatsya-v-spryatannyh-za-teksturami-sundukah-pryamo-kak-v-skyrim?comment=29305569","https://dtf.ru/games/2097853-tovary-prodavcov-v-starfield-hranyatsya-v-spryatannyh-za-teksturami-sundukah-pryamo-kak-v-skyrim","2023-09-08T15:51:31.000Z","verified","2026-07-24","true"
"The Elder Scrolls V: Skyrim Special Edition","steam_489830","29305798","https://dtf.ru/games/2097853-tovary-prodavcov-v-starfield-hranyatsya-v-spryatannyh-za-teksturami-sundukah-pryamo-kak-v-skyrim?comment=29305798","https://dtf.ru/games/2097853-tovary-prodavcov-v-starfield-hranyatsya-v-spryatannyh-za-teksturami-sundukah-pryamo-kak-v-skyrim","2023-09-08T15:56:59.000Z","verified","2026-07-24","true"
"The Elder Scrolls V: Skyrim Special Edition","steam_489830","51530383","https://dtf.ru/games/3745305-zagruzochnye-ekrany-bethesda-mnenie-dizaynera?comment=51530383","https://dtf.ru/games/3745305-zagruzochnye-ekrany-bethesda-mnenie-dizaynera","2025-05-04T11:44:04.000Z","verified","2026-07-24","true"
"The Elder Scrolls V: Skyrim Special Edition","steam_489830","29306312","https://dtf.ru/games/2097853-tovary-prodavcov-v-starfield-hranyatsya-v-spryatannyh-za-teksturami-sundukah-pryamo-kak-v-skyrim?comment=29306312","https://dtf.ru/games/2097853-tovary-prodavcov-v-starfield-hranyatsya-v-spryatannyh-za-teksturami-sundukah-pryamo-kak-v-skyrim","2023-09-08T16:08:45.000Z","verified","2026-07-24","true"
"The Elder Scrolls V: Skyrim Special Edition","steam_489830","51425706","https://dtf.ru/games/3737709-todd-govard-i-bethesda-smotryat-dokumentalku-ob-oblivion?comment=51425706","https://dtf.ru/games/3737709-todd-govard-i-bethesda-smotryat-dokumentalku-ob-oblivion","2025-04-30T20:04:49.000Z","verified","2026-07-24","true"
"The Elder Scrolls V: Skyrim Special Edition","steam_489830","53261068","https://dtf.ru/id2042315/3850162-kak-vernut-normalnyy-uron-oruzhiya-v-skyrim-posle-chitov?comment=53261068","https://dtf.ru/id2042315/3850162-kak-vernut-normalnyy-uron-oruzhiya-v-skyrim-posle-chitov","2025-06-22T19:30:01.000Z","verified","2026-07-24","true"
"The Elder Scrolls V: Skyrim Special Edition","steam_489830","51424283","https://dtf.ru/games/3737709-todd-govard-i-bethesda-smotryat-dokumentalku-ob-oblivion?comment=51424283","https://dtf.ru/games/3737709-todd-govard-i-bethesda-smotryat-dokumentalku-ob-oblivion","2025-04-30T19:07:32.000Z","verified","2026-07-24","false"
"The Elder Scrolls V: Skyrim Special Edition","steam_489830","51530432","https://dtf.ru/games/3745305-zagruzochnye-ekrany-bethesda-mnenie-dizaynera?comment=51530432","https://dtf.ru/games/3745305-zagruzochnye-ekrany-bethesda-mnenie-dizaynera","2025-05-04T11:45:30.000Z","verified","2026-07-24","false"
"The Elder Scrolls V: Skyrim Special Edition","steam_489830","51425771","https://dtf.ru/games/3737709-todd-govard-i-bethesda-smotryat-dokumentalku-ob-oblivion?comment=51425771","https://dtf.ru/games/3737709-todd-govard-i-bethesda-smotryat-dokumentalku-ob-oblivion","2025-04-30T20:07:32.000Z","verified","2026-07-24","false"
"Elden Ring","steam_1245620","45632397","https://dtf.ru/games/3196406-eto-zhe-shutka-da-kak-v-seti-otreagirovali-na-nominaciyu-elden-ring-shadow-of-the-erdtree-na-zvanie-igry-goda?comment=45632397","https://dtf.ru/games/3196406-eto-zhe-shutka-da-kak-v-seti-otreagirovali-na-nominaciyu-elden-ring-shadow-of-the-erdtree-na-zvanie-igry-goda","2024-11-18T19:41:03.000Z","verified","2026-07-24","true"
"Elden Ring","steam_1245620","35974017","https://dtf.ru/granger/2507051-pervyi-treiler-elden-ring-shadow-of-the-erdtree-reliz-21-iyunya-po-cene-2399-rublei?comment=35974017","https://dtf.ru/granger/2507051-pervyi-treiler-elden-ring-shadow-of-the-erdtree-reliz-21-iyunya-po-cene-2399-rublei","2024-02-21T15:45:59.000Z","verified","2026-07-24","true"
"Elden Ring","steam_1245620","41241874","https://dtf.ru/games/2850750-nepopulyarnoe-mnenie-syuzhetnye-kvesty-v-elden-ring-luchshe-chem-v-hvalenom-baldurs-gate-3?comment=41241874","https://dtf.ru/games/2850750-nepopulyarnoe-mnenie-syuzhetnye-kvesty-v-elden-ring-luchshe-chem-v-hvalenom-baldurs-gate-3","2024-07-27T07:23:54.000Z","verified","2026-07-24","true"
"Elden Ring","steam_1245620","35946739","https://dtf.ru/granger/2505642-pervyi-treiler-elden-ring-shadow-of-the-erdtree-pokazhut-21-fevralya?comment=35946739","https://dtf.ru/granger/2505642-pervyi-treiler-elden-ring-shadow-of-the-erdtree-pokazhut-21-fevralya","2024-02-21T04:20:21.000Z","verified","2026-07-24","true"
"Elden Ring","steam_1245620","39473841","https://dtf.ru/granger/2722190-odno-iz-luchshih-dopolnenii-desyatiletiya-geimplei-skrinshoty-i-glavnoe-iz-prevyu-elden-ring-shadow-of-the-erdtree?comment=39473841","https://dtf.ru/granger/2722190-odno-iz-luchshih-dopolnenii-desyatiletiya-geimplei-skrinshoty-i-glavnoe-iz-prevyu-elden-ring-shadow-of-the-erdtree","2024-06-04T15:41:42.000Z","verified","2026-07-24","true"
"Elden Ring","steam_1245620","41254042","https://dtf.ru/games/2850750-nepopulyarnoe-mnenie-syuzhetnye-kvesty-v-elden-ring-luchshe-chem-v-hvalenom-baldurs-gate-3?comment=41254042","https://dtf.ru/games/2850750-nepopulyarnoe-mnenie-syuzhetnye-kvesty-v-elden-ring-luchshe-chem-v-hvalenom-baldurs-gate-3","2024-07-27T14:33:02.000Z","verified","2026-07-24","true"
"Elden Ring","steam_1245620","41241099","https://dtf.ru/games/2850750-nepopulyarnoe-mnenie-syuzhetnye-kvesty-v-elden-ring-luchshe-chem-v-hvalenom-baldurs-gate-3?comment=41241099","https://dtf.ru/games/2850750-nepopulyarnoe-mnenie-syuzhetnye-kvesty-v-elden-ring-luchshe-chem-v-hvalenom-baldurs-gate-3","2024-07-27T06:58:36.000Z","verified","2026-07-24","false"
"Elden Ring","steam_1245620","40034058","https://dtf.ru/steam/2760548-dopolnenie-shadow-of-the-erdtree-dlya-elden-ring-startovalo-so-smeshannyh-otzyvov-v-steam-bolshe-vsego-negativnyh-obzorov-ot-kitaiskih-igrokov?comment=40034058","https://dtf.ru/steam/2760548-dopolnenie-shadow-of-the-erdtree-dlya-elden-ring-startovalo-so-smeshannyh-otzyvov-v-steam-bolshe-vsego-negativnyh-obzorov-ot-kitaiskih-igrokov","2024-06-22T11:21:05.000Z","verified","2026-07-24","false"
"Elden Ring","steam_1245620","40034960","https://dtf.ru/steam/2760548-dopolnenie-shadow-of-the-erdtree-dlya-elden-ring-startovalo-so-smeshannyh-otzyvov-v-steam-bolshe-vsego-negativnyh-obzorov-ot-kitaiskih-igrokov?comment=40034960","https://dtf.ru/steam/2760548-dopolnenie-shadow-of-the-erdtree-dlya-elden-ring-startovalo-so-smeshannyh-otzyvov-v-steam-bolshe-vsego-negativnyh-obzorov-ot-kitaiskih-igrokov","2024-06-22T11:52:46.000Z","verified","2026-07-24","false"
"Concord","steam_2443720","47214200","https://dtf.ru/games/3339541-glavnye-razocharovaniya-2024-go-dlya-redakcii-dtf-ot-concord-do-dragon-age-the-veilguard?comment=47214200","https://dtf.ru/games/3339541-glavnye-razocharovaniya-2024-go-dlya-redakcii-dtf-ot-concord-do-dragon-age-the-veilguard","2025-01-01T11:39:11.000Z","verified","2026-07-24","true"
"Concord","steam_2443720","42258136","https://dtf.ru/games/2935256-vyshel-concord-geroiskii-pvp-shuter-ot-sony?comment=42258136","https://dtf.ru/games/2935256-vyshel-concord-geroiskii-pvp-shuter-ot-sony","2024-08-23T17:45:22.000Z","verified","2026-07-24","true"
"Concord","steam_2443720","42740191","https://dtf.ru/games/2965180-razrabotchikov-kaznyat-a-ne-prosto-sokratyat-kak-v-seti-otreagirovali-na-zakrytie-serverov-concord?comment=42740191","https://dtf.ru/games/2965180-razrabotchikov-kaznyat-a-ne-prosto-sokratyat-kak-v-seti-otreagirovali-na-zakrytie-serverov-concord","2024-09-04T09:50:09.000Z","verified","2026-07-24","true"
"Concord","steam_2443720","42579035","https://dtf.ru/games/2954155-analitik-prodazhi-concord-sostavili-okolo-25-tysyach-kopii?comment=42579035","https://dtf.ru/games/2954155-analitik-prodazhi-concord-sostavili-okolo-25-tysyach-kopii","2024-08-31T09:57:10.000Z","verified","2026-07-24","true"
"Concord","steam_2443720","47214633","https://dtf.ru/games/3339541-glavnye-razocharovaniya-2024-go-dlya-redakcii-dtf-ot-concord-do-dragon-age-the-veilguard?comment=47214633","https://dtf.ru/games/3339541-glavnye-razocharovaniya-2024-go-dlya-redakcii-dtf-ot-concord-do-dragon-age-the-veilguard","2025-01-01T11:55:57.000Z","verified","2026-07-24","true"
"Concord","steam_2443720","39323457","https://dtf.ru/games/2712175-god-of-war-ragnark-na-pk-geimplei-shutera-concord-v-duhe-overwatch-i-remeik-silent-hill-2-chto-pokazali-na-state-of-play?comment=39323457","https://dtf.ru/games/2712175-god-of-war-ragnark-na-pk-geimplei-shutera-concord-v-duhe-overwatch-i-remeik-silent-hill-2-chto-pokazali-na-state-of-play","2024-05-30T22:14:20.000Z","verified","2026-07-24","true"
"Concord","steam_2443720","42383534","https://dtf.ru/games/2942829-igroki-stali-zhalovatsya-na-vremya-ozhidaniya-matchei-v-concord-ono-dostigaet-15-minut?comment=42383534","https://dtf.ru/games/2942829-igroki-stali-zhalovatsya-na-vremya-ozhidaniya-matchei-v-concord-ono-dostigaet-15-minut","2024-08-26T19:17:50.000Z","verified","2026-07-24","false"
"Concord","steam_2443720","52934886","https://dtf.ru/games/3829742-german-hulst-marathon-izbezhit-oshibok-concord?comment=52934886","https://dtf.ru/games/3829742-german-hulst-marathon-izbezhit-oshibok-concord","2025-06-13T16:30:40.000Z","verified","2026-07-24","false"
"Concord","steam_2443720","42417532","https://dtf.ru/games/2944662-maksimalnyi-sutochnyi-onlain-concord-v-steam-opustilsya-nizhe-300-chelovek?comment=42417532","https://dtf.ru/games/2944662-maksimalnyi-sutochnyi-onlain-concord-v-steam-opustilsya-nizhe-300-chelovek","2024-08-27T14:06:28.000Z","verified","2026-07-24","false"
"The Last of Us Part II","tgdb_55731","34570593","https://dtf.ru/games/2429095-shedevr-stal-eshe-luchshe-ocenki-remastera-the-last-of-us-part-ii-91-ball-iz-100-na-metacritic?comment=34570593","https://dtf.ru/games/2429095-shedevr-stal-eshe-luchshe-ocenki-remastera-the-last-of-us-part-ii-91-ball-iz-100-na-metacritic","2024-01-16T15:49:51.000Z","verified","2026-07-24","true"
"The Last of Us Part II","tgdb_55731","51039375","https://dtf.ru/games/3712334-the-last-of-us-part-ii-obzor-i-sovety-po-igre-na-pk?comment=51039375","https://dtf.ru/games/3712334-the-last-of-us-part-ii-obzor-i-sovety-po-igre-na-pk","2025-04-20T07:34:06.000Z","verified","2026-07-24","true"
"The Last of Us Part II","tgdb_55731","34569356","https://dtf.ru/games/2429095-shedevr-stal-eshe-luchshe-ocenki-remastera-the-last-of-us-part-ii-91-ball-iz-100-na-metacritic?comment=34569356","https://dtf.ru/games/2429095-shedevr-stal-eshe-luchshe-ocenki-remastera-the-last-of-us-part-ii-91-ball-iz-100-na-metacritic","2024-01-16T15:23:29.000Z","verified","2026-07-24","true"
"The Last of Us Part II","tgdb_55731","51042390","https://dtf.ru/games/3712334-the-last-of-us-part-ii-obzor-i-sovety-po-igre-na-pk?comment=51042390","https://dtf.ru/games/3712334-the-last-of-us-part-ii-obzor-i-sovety-po-igre-na-pk","2025-04-20T09:25:49.000Z","verified","2026-07-24","true"
"The Last of Us Part II","tgdb_55731","51041086","https://dtf.ru/games/3712334-the-last-of-us-part-ii-obzor-i-sovety-po-igre-na-pk?comment=51041086","https://dtf.ru/games/3712334-the-last-of-us-part-ii-obzor-i-sovety-po-igre-na-pk","2025-04-20T08:39:55.000Z","verified","2026-07-24","true"
"The Last of Us Part II","tgdb_55731","34569300","https://dtf.ru/games/2429095-shedevr-stal-eshe-luchshe-ocenki-remastera-the-last-of-us-part-ii-91-ball-iz-100-na-metacritic?comment=34569300","https://dtf.ru/games/2429095-shedevr-stal-eshe-luchshe-ocenki-remastera-the-last-of-us-part-ii-91-ball-iz-100-na-metacritic","2024-01-16T15:22:19.000Z","verified","2026-07-24","true"
"The Last of Us Part II","tgdb_55731","32156347","https://dtf.ru/games/2270955-oficialno-remaster-the-last-of-us-part-ii-vyidet-19-yanvarya?comment=32156347","https://dtf.ru/games/2270955-oficialno-remaster-the-last-of-us-part-ii-vyidet-19-yanvarya","2023-11-18T00:49:19.000Z","verified","2026-07-24","false"
"The Last of Us Part II","tgdb_55731","32156888","https://dtf.ru/games/2270955-oficialno-remaster-the-last-of-us-part-ii-vyidet-19-yanvarya?comment=32156888","https://dtf.ru/games/2270955-oficialno-remaster-the-last-of-us-part-ii-vyidet-19-yanvarya","2023-11-18T01:37:29.000Z","verified","2026-07-24","false"
"The Last of Us Part II","tgdb_55731","32158116","https://dtf.ru/games/2270955-oficialno-remaster-the-last-of-us-part-ii-vyidet-19-yanvarya?comment=32158116","https://dtf.ru/games/2270955-oficialno-remaster-the-last-of-us-part-ii-vyidet-19-yanvarya","2023-11-18T04:21:56.000Z","verified","2026-07-24","false"
"Bloodborne","tgdb_20960","41540172","https://dtf.ru/id63086/2876478-strimer-kai-cenat-prizval-sony-i-fromsoftware-perevypustit-bloodborne?comment=41540172","https://dtf.ru/id63086/2876478-strimer-kai-cenat-prizval-sony-i-fromsoftware-perevypustit-bloodborne","2024-08-04T13:21:37.000Z","verified","2026-07-24","true"
"Bloodborne","tgdb_20960","35977830","https://dtf.ru/granger/2507318-eto-nashe-krupneishee-dopolnenie-v-istorii-detali-elden-ring-shadow-of-the-erdtree-ot-hidetaki-miyadzaki?comment=35977830","https://dtf.ru/granger/2507318-eto-nashe-krupneishee-dopolnenie-v-istorii-detali-elden-ring-shadow-of-the-erdtree-ot-hidetaki-miyadzaki","2024-02-21T17:26:00.000Z","verified","2026-07-24","true"
"Bloodborne","tgdb_20960","39790802","https://dtf.ru/games/2744612-hidetaka-miyadzaki-nazval-bloodborne-relikviei-proshlogo-kotoruyu-bylo-by-zdorovo-dat-bolshemu-kolichestvu-igrokov?comment=39790802","https://dtf.ru/games/2744612-hidetaka-miyadzaki-nazval-bloodborne-relikviei-proshlogo-kotoruyu-bylo-by-zdorovo-dat-bolshemu-kolichestvu-igrokov","2024-06-14T08:37:47.000Z","verified","2026-07-24","true"
"Bloodborne","tgdb_20960","39790095","https://dtf.ru/games/2744612-hidetaka-miyadzaki-nazval-bloodborne-relikviei-proshlogo-kotoruyu-bylo-by-zdorovo-dat-bolshemu-kolichestvu-igrokov?comment=39790095","https://dtf.ru/games/2744612-hidetaka-miyadzaki-nazval-bloodborne-relikviei-proshlogo-kotoruyu-bylo-by-zdorovo-dat-bolshemu-kolichestvu-igrokov","2024-06-14T08:17:42.000Z","verified","2026-07-24","true"
"Bloodborne","tgdb_20960","47979588","https://dtf.ru/hard/3417143-neveroyatnoe-dostizhenie-v-digital-foundry-vysoko-ocenili-rabotu-bloodborne-na-pk-cherez-shadps4?comment=47979588","https://dtf.ru/hard/3417143-neveroyatnoe-dostizhenie-v-digital-foundry-vysoko-ocenili-rabotu-bloodborne-na-pk-cherez-shadps4","2025-01-21T17:53:55.000Z","verified","2026-07-24","true"
"Bloodborne","tgdb_20960","47978830","https://dtf.ru/hard/3417143-neveroyatnoe-dostizhenie-v-digital-foundry-vysoko-ocenili-rabotu-bloodborne-na-pk-cherez-shadps4?comment=47978830","https://dtf.ru/hard/3417143-neveroyatnoe-dostizhenie-v-digital-foundry-vysoko-ocenili-rabotu-bloodborne-na-pk-cherez-shadps4","2025-01-21T17:33:46.000Z","verified","2026-07-24","true"
"Bloodborne","tgdb_20960","35011296","https://dtf.ru/gameindustry/2452890-avtory-fanatskoi-bloodborne-kart-uberut-iz-igry-brending-bloodborne-po-trebovaniyu-sony?comment=35011296","https://dtf.ru/gameindustry/2452890-avtory-fanatskoi-bloodborne-kart-uberut-iz-igry-brending-bloodborne-po-trebovaniyu-sony","2024-01-27T12:09:59.000Z","verified","2026-07-24","false"
"Bloodborne","tgdb_20960","35978233","https://dtf.ru/granger/2507318-eto-nashe-krupneishee-dopolnenie-v-istorii-detali-elden-ring-shadow-of-the-erdtree-ot-hidetaki-miyadzaki?comment=35978233","https://dtf.ru/granger/2507318-eto-nashe-krupneishee-dopolnenie-v-istorii-detali-elden-ring-shadow-of-the-erdtree-ot-hidetaki-miyadzaki","2024-02-21T17:35:50.000Z","verified","2026-07-24","false"
"Bloodborne","tgdb_20960","41540249","https://dtf.ru/id63086/2876478-strimer-kai-cenat-prizval-sony-i-fromsoftware-perevypustit-bloodborne?comment=41540249","https://dtf.ru/id63086/2876478-strimer-kai-cenat-prizval-sony-i-fromsoftware-perevypustit-bloodborne","2024-08-04T13:24:20.000Z","verified","2026-07-24","false"
"No Man's Sky","tgdb_114990","40900437","https://dtf.ru/games/2824803-avtory-no-mans-sky-predstavili-masshtabnyi-apdeit-50-v-nem-polnostyu-obnovili-vselennuyu?comment=40900437","https://dtf.ru/games/2824803-avtory-no-mans-sky-predstavili-masshtabnyi-apdeit-50-v-nem-polnostyu-obnovili-vselennuyu","2024-07-17T13:31:35.000Z","verified","2026-07-24","true"
"No Man's Sky","tgdb_114990","40900968","https://dtf.ru/games/2824803-avtory-no-mans-sky-predstavili-masshtabnyi-apdeit-50-v-nem-polnostyu-obnovili-vselennuyu?comment=40900968","https://dtf.ru/games/2824803-avtory-no-mans-sky-predstavili-masshtabnyi-apdeit-50-v-nem-polnostyu-obnovili-vselennuyu","2024-07-17T13:42:54.000Z","verified","2026-07-24","true"
"No Man's Sky","tgdb_114990","29154557","https://dtf.ru/avi/2088655-posadka-i-vzlet-c-planet-v-starfield-elite-dangerous-star-citizen-no-mans-sky?comment=29154557","https://dtf.ru/avi/2088655-posadka-i-vzlet-c-planet-v-starfield-elite-dangerous-star-citizen-no-mans-sky","2023-09-05T10:48:30.000Z","verified","2026-07-24","true"
"No Man's Sky","tgdb_114990","24132923","https://dtf.ru/games/1734963-dlya-no-mans-sky-vyshlo-krupnoe-obnovlenie-interceptor-v-nem-dobavili-oskvernennye-miry-i-raznoobrazili-srazheniya?comment=24132923","https://dtf.ru/games/1734963-dlya-no-mans-sky-vyshlo-krupnoe-obnovlenie-interceptor-v-nem-dobavili-oskvernennye-miry-i-raznoobrazili-srazheniya","2023-04-05T13:55:45.000Z","verified","2026-07-24","true"
"No Man's Sky","tgdb_114990","33081815","https://dtf.ru/daniel/2336730-razrabotchiki-cyberpunk-2077-podderzhali-anons-novoi-igry-shona-myurreya-i-poshutili-chto-ee-vsegda-mozhno-ispravit-pozzhe?comment=33081815","https://dtf.ru/daniel/2336730-razrabotchiki-cyberpunk-2077-podderzhali-anons-novoi-igry-shona-myurreya-i-poshutili-chto-ee-vsegda-mozhno-ispravit-pozzhe","2023-12-10T10:16:49.000Z","verified","2026-07-24","true"
"No Man's Sky","tgdb_114990","33082628","https://dtf.ru/daniel/2336730-razrabotchiki-cyberpunk-2077-podderzhali-anons-novoi-igry-shona-myurreya-i-poshutili-chto-ee-vsegda-mozhno-ispravit-pozzhe?comment=33082628","https://dtf.ru/daniel/2336730-razrabotchiki-cyberpunk-2077-podderzhali-anons-novoi-igry-shona-myurreya-i-poshutili-chto-ee-vsegda-mozhno-ispravit-pozzhe","2023-12-10T10:46:14.000Z","verified","2026-07-24","true"
"No Man's Sky","tgdb_114990","40900567","https://dtf.ru/games/2824803-avtory-no-mans-sky-predstavili-masshtabnyi-apdeit-50-v-nem-polnostyu-obnovili-vselennuyu?comment=40900567","https://dtf.ru/games/2824803-avtory-no-mans-sky-predstavili-masshtabnyi-apdeit-50-v-nem-polnostyu-obnovili-vselennuyu","2024-07-17T13:34:08.000Z","verified","2026-07-24","false"
"No Man's Sky","tgdb_114990","33008995","https://dtf.ru/games/2332162-avtory-no-mans-sky-predstavili-light-no-fire-fenteziinuyu-igru-na-planete-razmerom-s-zemlyu?comment=33008995","https://dtf.ru/games/2332162-avtory-no-mans-sky-predstavili-light-no-fire-fenteziinuyu-igru-na-planete-razmerom-s-zemlyu","2023-12-08T06:47:55.000Z","verified","2026-07-24","false"
"No Man's Sky","tgdb_114990","29155041","https://dtf.ru/avi/2088655-posadka-i-vzlet-c-planet-v-starfield-elite-dangerous-star-citizen-no-mans-sky?comment=29155041","https://dtf.ru/avi/2088655-posadka-i-vzlet-c-planet-v-starfield-elite-dangerous-star-citizen-no-mans-sky","2023-09-05T10:57:04.000Z","verified","2026-07-24","false"
"Hogwarts Legacy","steam_990080","33796427","https://dtf.ru/games/2379946-dlya-hogwarts-legacy-vyshla-besplatnaya-russkaya-ozvuchka-ot-gamesvoice?comment=33796427","https://dtf.ru/games/2379946-dlya-hogwarts-legacy-vyshla-besplatnaya-russkaya-ozvuchka-ot-gamesvoice","2023-12-28T14:00:48.000Z","verified","2026-07-24","true"
"Hogwarts Legacy","steam_990080","22494139","https://dtf.ru/games/1612842-pervye-ocenki-hogwarts-legacy-86-ballov-iz-100-na-metacritic?comment=22494139","https://dtf.ru/games/1612842-pervye-ocenki-hogwarts-legacy-86-ballov-iz-100-na-metacritic","2023-02-06T11:55:33.000Z","verified","2026-07-24","true"
"Hogwarts Legacy","steam_990080","22493092","https://dtf.ru/games/1612842-pervye-ocenki-hogwarts-legacy-86-ballov-iz-100-na-metacritic?comment=22493092","https://dtf.ru/games/1612842-pervye-ocenki-hogwarts-legacy-86-ballov-iz-100-na-metacritic","2023-02-06T11:23:33.000Z","verified","2026-07-24","true"
"Hogwarts Legacy","steam_990080","33678018","https://dtf.ru/games/2373330-eurogamer-nazval-50-luchshih-igr-2023-goda-v-top-ne-popali-starfield-i-hogwarts-legacy?comment=33678018","https://dtf.ru/games/2373330-eurogamer-nazval-50-luchshih-igr-2023-goda-v-top-ne-popali-starfield-i-hogwarts-legacy","2023-12-25T16:52:59.000Z","verified","2026-07-24","true"
"Hogwarts Legacy","steam_990080","32014433","https://dtf.ru/hard/2263346-sam-fakt-chto-igra-rabotaet-vpechatlyaet-hogwarts-legacy-protestirovali-na-nintendo-switch?comment=32014433","https://dtf.ru/hard/2263346-sam-fakt-chto-igra-rabotaet-vpechatlyaet-hogwarts-legacy-protestirovali-na-nintendo-switch","2023-11-14T15:29:02.000Z","verified","2026-07-24","true"
"Hogwarts Legacy","steam_990080","32013520","https://dtf.ru/hard/2263346-sam-fakt-chto-igra-rabotaet-vpechatlyaet-hogwarts-legacy-protestirovali-na-nintendo-switch?comment=32013520","https://dtf.ru/hard/2263346-sam-fakt-chto-igra-rabotaet-vpechatlyaet-hogwarts-legacy-protestirovali-na-nintendo-switch","2023-11-14T15:06:00.000Z","verified","2026-07-24","true"
"Hogwarts Legacy","steam_990080","32016273","https://dtf.ru/hard/2263346-sam-fakt-chto-igra-rabotaet-vpechatlyaet-hogwarts-legacy-protestirovali-na-nintendo-switch?comment=32016273","https://dtf.ru/hard/2263346-sam-fakt-chto-igra-rabotaet-vpechatlyaet-hogwarts-legacy-protestirovali-na-nintendo-switch","2023-11-14T16:16:52.000Z","verified","2026-07-24","false"
"Hogwarts Legacy","steam_990080","22747992","https://dtf.ru/hard/1626994-optimalnye-nastroiki-hogwarts-legacy-sravnil-nastroiki-v-igre-i-vybral-optimalnye-vse-na-ultra-uhudshaet-kartinku?comment=22747992","https://dtf.ru/hard/1626994-optimalnye-nastroiki-hogwarts-legacy-sravnil-nastroiki-v-igre-i-vybral-optimalnye-vse-na-ultra-uhudshaet-kartinku","2023-02-15T01:25:06.000Z","verified","2026-07-24","false"
"Hogwarts Legacy","steam_990080","22705900","https://dtf.ru/games/1629648-igroki-nashli-dva-sposoba-ispravit-podtormazhivaniya-v-hogwarts-legacy-na-pk?comment=22705900","https://dtf.ru/games/1629648-igroki-nashli-dva-sposoba-ispravit-podtormazhivaniya-v-hogwarts-legacy-na-pk","2023-02-13T15:59:59.000Z","verified","2026-07-24","false"
"Grand Theft Auto V Legacy","steam_271590","33633081","https://dtf.ru/gta/2370812-ign-sostavil-reiting-luchshih-chastei-grand-theft-auto-gta-v-na-pervom-meste?comment=33633081","https://dtf.ru/gta/2370812-ign-sostavil-reiting-luchshih-chastei-grand-theft-auto-gta-v-na-pervom-meste","2023-12-24T15:52:42.000Z","verified","2026-07-24","true"
"Grand Theft Auto V Legacy","steam_271590","32872015","https://dtf.ru/gta/2322035-rockstar-predstavila-gta-vi-pervyi-treiler?comment=32872015","https://dtf.ru/gta/2322035-rockstar-predstavila-gta-vi-pervyi-treiler","2023-12-05T01:58:10.000Z","verified","2026-07-24","true"
"Grand Theft Auto V Legacy","steam_271590","32869122","https://dtf.ru/gta/2322035-rockstar-predstavila-gta-vi-pervyi-treiler?comment=32869122","https://dtf.ru/gta/2322035-rockstar-predstavila-gta-vi-pervyi-treiler","2023-12-04T23:40:52.000Z","verified","2026-07-24","true"
"Grand Theft Auto V Legacy","steam_271590","32869127","https://dtf.ru/gta/2322035-rockstar-predstavila-gta-vi-pervyi-treiler?comment=32869127","https://dtf.ru/gta/2322035-rockstar-predstavila-gta-vi-pervyi-treiler","2023-12-04T23:40:58.000Z","verified","2026-07-24","true"
"Grand Theft Auto V Legacy","steam_271590","49487001","https://dtf.ru/games/3613808-obnovlennaya-gta-v-startovala-so-smeshannyh-otzyvov-v-steam?comment=49487001","https://dtf.ru/games/3613808-obnovlennaya-gta-v-startovala-so-smeshannyh-otzyvov-v-steam","2025-03-05T08:09:45.000Z","verified","2026-07-24","true"
"Grand Theft Auto V Legacy","steam_271590","33632847","https://dtf.ru/gta/2370812-ign-sostavil-reiting-luchshih-chastei-grand-theft-auto-gta-v-na-pervom-meste?comment=33632847","https://dtf.ru/gta/2370812-ign-sostavil-reiting-luchshih-chastei-grand-theft-auto-gta-v-na-pervom-meste","2023-12-24T15:45:48.000Z","verified","2026-07-24","true"
"Grand Theft Auto V Legacy","steam_271590","49491307","https://dtf.ru/games/3613808-obnovlennaya-gta-v-startovala-so-smeshannyh-otzyvov-v-steam?comment=49491307","https://dtf.ru/games/3613808-obnovlennaya-gta-v-startovala-so-smeshannyh-otzyvov-v-steam","2025-03-05T10:21:31.000Z","verified","2026-07-24","false"
"Grand Theft Auto V Legacy","steam_271590","42158921","https://dtf.ru/games/2928549-pereproshel-gta-v-v-2024-godu?comment=42158921","https://dtf.ru/games/2928549-pereproshel-gta-v-v-2024-godu","2024-08-21T07:15:42.000Z","verified","2026-07-24","false"
"Grand Theft Auto V Legacy","steam_271590","42158393","https://dtf.ru/games/2928549-pereproshel-gta-v-v-2024-godu?comment=42158393","https://dtf.ru/games/2928549-pereproshel-gta-v-v-2024-godu","2024-08-21T07:01:38.000Z","verified","2026-07-24","false"
"Helldivers 2","steam_553850","41439201","https://dtf.ru/gameindustry/2867807-vk-play-nachal-prodavat-steam-klyuchi-dlya-igr?comment=41439201","https://dtf.ru/gameindustry/2867807-vk-play-nachal-prodavat-steam-klyuchi-dlya-igr","2024-08-01T14:00:52.000Z","verified","2026-07-24","true"
"Helldivers 2","steam_553850","46974535","https://dtf.ru/games/3313141-igra-goda-4-mesto-helldivers-2?comment=46974535","https://dtf.ru/games/3313141-igra-goda-4-mesto-helldivers-2","2024-12-25T09:51:18.000Z","verified","2026-07-24","true"
"Helldivers 2","steam_553850","36555585","https://dtf.ru/games/2539219-avtorov-helldivers-2-raskritikovali-za-vyskazyvanie-odnogo-iz-razrabotchikov-on-negativno-otreagiroval-na-zamechaniya-igrokov?comment=36555585","https://dtf.ru/games/2539219-avtorov-helldivers-2-raskritikovali-za-vyskazyvanie-odnogo-iz-razrabotchikov-on-negativno-otreagiroval-na-zamechaniya-igrokov","2024-03-07T15:36:34.000Z","verified","2026-07-24","true"
"Helldivers 2","steam_553850","35612505","https://dtf.ru/gameindustry/2485913-tvorcheskii-direktor-helldivers-2-o-mikrotranzakciyah-nuzhno-zarabotat-pravo-na-monetizaciyu?comment=35612505","https://dtf.ru/gameindustry/2485913-tvorcheskii-direktor-helldivers-2-o-mikrotranzakciyah-nuzhno-zarabotat-pravo-na-monetizaciyu","2024-02-12T08:09:20.000Z","verified","2026-07-24","true"
"Helldivers 2","steam_553850","35609571","https://dtf.ru/gameindustry/2485913-tvorcheskii-direktor-helldivers-2-o-mikrotranzakciyah-nuzhno-zarabotat-pravo-na-monetizaciyu?comment=35609571","https://dtf.ru/gameindustry/2485913-tvorcheskii-direktor-helldivers-2-o-mikrotranzakciyah-nuzhno-zarabotat-pravo-na-monetizaciyu","2024-02-12T06:45:02.000Z","verified","2026-07-24","true"
"Helldivers 2","steam_553850","35610262","https://dtf.ru/gameindustry/2485913-tvorcheskii-direktor-helldivers-2-o-mikrotranzakciyah-nuzhno-zarabotat-pravo-na-monetizaciyu?comment=35610262","https://dtf.ru/gameindustry/2485913-tvorcheskii-direktor-helldivers-2-o-mikrotranzakciyah-nuzhno-zarabotat-pravo-na-monetizaciyu","2024-02-12T07:04:04.000Z","verified","2026-07-24","true"
"Helldivers 2","steam_553850","47010170","https://dtf.ru/games/3313141-igra-goda-4-mesto-helldivers-2?comment=47010170","https://dtf.ru/games/3313141-igra-goda-4-mesto-helldivers-2","2024-12-26T08:44:12.000Z","verified","2026-07-24","false"
"Helldivers 2","steam_553850","46977064","https://dtf.ru/games/3313141-igra-goda-4-mesto-helldivers-2?comment=46977064","https://dtf.ru/games/3313141-igra-goda-4-mesto-helldivers-2","2024-12-25T11:04:24.000Z","verified","2026-07-24","false"
"Helldivers 2","steam_553850","36563406","https://dtf.ru/games/2539219-avtorov-helldivers-2-raskritikovali-za-vyskazyvanie-odnogo-iz-razrabotchikov-on-negativno-otreagiroval-na-zamechaniya-igrokov?comment=36563406","https://dtf.ru/games/2539219-avtorov-helldivers-2-raskritikovali-za-vyskazyvanie-odnogo-iz-razrabotchikov-on-negativno-otreagiroval-na-zamechaniya-igrokov","2024-03-07T19:01:32.000Z","verified","2026-07-24","false"
"Dragon Age: На страже Завесы","steam_1845910","45824815","https://dtf.ru/granger/3213656-analitik-startovye-pokazateli-dragon-age-the-veilguard-v-ssha-okazalis-horoshimi-no-ne-vydayushimisya?comment=45824815","https://dtf.ru/granger/3213656-analitik-startovye-pokazateli-dragon-age-the-veilguard-v-ssha-okazalis-horoshimi-no-ne-vydayushimisya","2024-11-23T18:11:03.000Z","verified","2026-07-24","true"
"Dragon Age: На страже Завесы","steam_1845910","44839170","https://dtf.ru/granger/3124745-otlichnaya-rpg-ocenki-dragon-age-the-veilguard-84-balla-iz-100-na-metacritic?comment=44839170","https://dtf.ru/granger/3124745-otlichnaya-rpg-ocenki-dragon-age-the-veilguard-84-balla-iz-100-na-metacritic","2024-10-28T15:18:40.000Z","verified","2026-07-24","true"
"Dragon Age: На страже Завесы","steam_1845910","44838890","https://dtf.ru/granger/3124745-otlichnaya-rpg-ocenki-dragon-age-the-veilguard-84-balla-iz-100-na-metacritic?comment=44838890","https://dtf.ru/granger/3124745-otlichnaya-rpg-ocenki-dragon-age-the-veilguard-84-balla-iz-100-na-metacritic","2024-10-28T15:13:51.000Z","verified","2026-07-24","true"
"Dragon Age: На страже Завесы","steam_1845910","52869368","https://dtf.ru/granger/3825001-proval-dragon-age-the-veilguard?comment=52869368","https://dtf.ru/granger/3825001-proval-dragon-age-the-veilguard","2025-06-11T16:55:03.000Z","verified","2026-07-24","true"
"Dragon Age: На страже Завесы","steam_1845910","39712956","https://dtf.ru/granger/2739414-mnogo-ekshena-romany-so-vsemi-sputnikami-i-prorabotannyi-pobochnyi-kontent-glavnoe-iz-prevyu-dragon-age-the-veilguard?comment=39712956","https://dtf.ru/granger/2739414-mnogo-ekshena-romany-so-vsemi-sputnikami-i-prorabotannyi-pobochnyi-kontent-glavnoe-iz-prevyu-dragon-age-the-veilguard","2024-06-11T17:59:04.000Z","verified","2026-07-24","true"
"Dragon Age: На страже Завесы","steam_1845910","52865534","https://dtf.ru/granger/3825001-proval-dragon-age-the-veilguard?comment=52865534","https://dtf.ru/granger/3825001-proval-dragon-age-the-veilguard","2025-06-11T15:13:19.000Z","verified","2026-07-24","true"
"Dragon Age: На страже Завесы","steam_1845910","52867215","https://dtf.ru/granger/3825001-proval-dragon-age-the-veilguard?comment=52867215","https://dtf.ru/granger/3825001-proval-dragon-age-the-veilguard","2025-06-11T15:59:30.000Z","verified","2026-07-24","false"
"Dragon Age: На страже Завесы","steam_1845910","46256293","https://dtf.ru/games/3252260-proshel-do-konca-dragon-age-the-veilguard?comment=46256293","https://dtf.ru/games/3252260-proshel-do-konca-dragon-age-the-veilguard","2024-12-05T07:44:39.000Z","verified","2026-07-24","false"
"Dragon Age: На страже Завесы","steam_1845910","39712797","https://dtf.ru/granger/2739414-mnogo-ekshena-romany-so-vsemi-sputnikami-i-prorabotannyi-pobochnyi-kontent-glavnoe-iz-prevyu-dragon-age-the-veilguard?comment=39712797","https://dtf.ru/granger/2739414-mnogo-ekshena-romany-so-vsemi-sputnikami-i-prorabotannyi-pobochnyi-kontent-glavnoe-iz-prevyu-dragon-age-the-veilguard","2024-06-11T17:54:18.000Z","verified","2026-07-24","false"
"S.T.A.L.K.E.R. 2: Сердце Чернобыля","steam_1643320","41833201","https://dtf.ru/granger/2902197-krasoty-zony-35-vidov-oruzhiya-i-svoboda-geimplei-i-detali-stalker-2?comment=41833201","https://dtf.ru/granger/2902197-krasoty-zony-35-vidov-oruzhiya-i-svoboda-geimplei-i-detali-stalker-2","2024-08-12T16:17:31.000Z","verified","2026-07-24","true"
"S.T.A.L.K.E.R. 2: Сердце Чернобыля","steam_1643320","41172265","https://dtf.ru/id63086/2846601-stalker-2-heart-of-chornobyl-perenesli-na-20-noyabrya?comment=41172265","https://dtf.ru/id63086/2846601-stalker-2-heart-of-chornobyl-perenesli-na-20-noyabrya","2024-07-25T11:47:06.000Z","verified","2026-07-24","true"
"S.T.A.L.K.E.R. 2: Сердце Чернобыля","steam_1643320","41836150","https://dtf.ru/granger/2902197-krasoty-zony-35-vidov-oruzhiya-i-svoboda-geimplei-i-detali-stalker-2?comment=41836150","https://dtf.ru/granger/2902197-krasoty-zony-35-vidov-oruzhiya-i-svoboda-geimplei-i-detali-stalker-2","2024-08-12T17:28:13.000Z","verified","2026-07-24","true"
"S.T.A.L.K.E.R. 2: Сердце Чернобыля","steam_1643320","41172128","https://dtf.ru/id63086/2846601-stalker-2-heart-of-chornobyl-perenesli-na-20-noyabrya?comment=41172128","https://dtf.ru/id63086/2846601-stalker-2-heart-of-chornobyl-perenesli-na-20-noyabrya","2024-07-25T11:44:48.000Z","verified","2026-07-24","true"
"S.T.A.L.K.E.R. 2: Сердце Чернобыля","steam_1643320","41832794","https://dtf.ru/granger/2902197-krasoty-zony-35-vidov-oruzhiya-i-svoboda-geimplei-i-detali-stalker-2?comment=41832794","https://dtf.ru/granger/2902197-krasoty-zony-35-vidov-oruzhiya-i-svoboda-geimplei-i-detali-stalker-2","2024-08-12T16:05:38.000Z","verified","2026-07-24","true"
"S.T.A.L.K.E.R. 2: Сердце Чернобыля","steam_1643320","41172348","https://dtf.ru/id63086/2846601-stalker-2-heart-of-chornobyl-perenesli-na-20-noyabrya?comment=41172348","https://dtf.ru/id63086/2846601-stalker-2-heart-of-chornobyl-perenesli-na-20-noyabrya","2024-07-25T11:48:51.000Z","verified","2026-07-24","true"
"S.T.A.L.K.E.R. 2: Сердце Чернобыля","steam_1643320","41836248","https://dtf.ru/granger/2902197-krasoty-zony-35-vidov-oruzhiya-i-svoboda-geimplei-i-detali-stalker-2?comment=41836248","https://dtf.ru/granger/2902197-krasoty-zony-35-vidov-oruzhiya-i-svoboda-geimplei-i-detali-stalker-2","2024-08-12T17:30:55.000Z","verified","2026-07-24","false"
"S.T.A.L.K.E.R. 2: Сердце Чернобыля","steam_1643320","41171852","https://dtf.ru/id63086/2846601-stalker-2-heart-of-chornobyl-perenesli-na-20-noyabrya?comment=41171852","https://dtf.ru/id63086/2846601-stalker-2-heart-of-chornobyl-perenesli-na-20-noyabrya","2024-07-25T11:39:47.000Z","verified","2026-07-24","false"
"Assassin’s Creed Shadows","steam_3159330","38830563","https://dtf.ru/games/2681282-dlya-assasina-ego-dospehi-slishkom-uzh-blestyashie-kak-v-seti-ocenili-treilery-assassins-creed-shadows?comment=38830563","https://dtf.ru/games/2681282-dlya-assasina-ego-dospehi-slishkom-uzh-blestyashie-kak-v-seti-ocenili-treilery-assassins-creed-shadows","2024-05-15T21:31:10.000Z","verified","2026-07-24","true"
"Assassin’s Creed Shadows","steam_3159330","38829964","https://dtf.ru/games/2681282-dlya-assasina-ego-dospehi-slishkom-uzh-blestyashie-kak-v-seti-ocenili-treilery-assassins-creed-shadows?comment=38829964","https://dtf.ru/games/2681282-dlya-assasina-ego-dospehi-slishkom-uzh-blestyashie-kak-v-seti-ocenili-treilery-assassins-creed-shadows","2024-05-15T21:06:15.000Z","verified","2026-07-24","true"
"Assassin’s Creed Shadows","steam_3159330","49933571","https://dtf.ru/games/3647115-luchshaya-igra-serii-za-10-let-ocenki-assassins-creed-shadows-82-balla-iz-100?comment=49933571","https://dtf.ru/games/3647115-luchshaya-igra-serii-za-10-let-ocenki-assassins-creed-shadows-82-balla-iz-100","2025-03-18T17:12:32.000Z","verified","2026-07-24","true"
"Assassin’s Creed Shadows","steam_3159330","38820195","https://dtf.ru/games/2680712-pervyi-treiler-assassins-creed-shadows-v-igre-budet-dva-glavnyh-geroya?comment=38820195","https://dtf.ru/games/2680712-pervyi-treiler-assassins-creed-shadows-v-igre-budet-dva-glavnyh-geroya","2024-05-15T16:08:16.000Z","verified","2026-07-24","true"
"Assassin’s Creed Shadows","steam_3159330","49968890","https://dtf.ru/games/3649171-yaponskie-vlasti-osudili-razrushenie-svyatilish-v-assassins-creed-shadows-ubisoft-vse-ispravit?comment=49968890","https://dtf.ru/games/3649171-yaponskie-vlasti-osudili-razrushenie-svyatilish-v-assassins-creed-shadows-ubisoft-vse-ispravit","2025-03-19T15:47:51.000Z","verified","2026-07-24","true"
"Assassin’s Creed Shadows","steam_3159330","49968914","https://dtf.ru/games/3649171-yaponskie-vlasti-osudili-razrushenie-svyatilish-v-assassins-creed-shadows-ubisoft-vse-ispravit?comment=49968914","https://dtf.ru/games/3649171-yaponskie-vlasti-osudili-razrushenie-svyatilish-v-assassins-creed-shadows-ubisoft-vse-ispravit","2025-03-19T15:48:31.000Z","verified","2026-07-24","true"
"Assassin’s Creed Shadows","steam_3159330","50013114","https://dtf.ru/games/3651529-assassins-creed-shadows-startovala-s-ochen-polozhitelnymi-otzyvami-v-steam-onlain-prevysil-40-tysyach?comment=50013114","https://dtf.ru/games/3651529-assassins-creed-shadows-startovala-s-ochen-polozhitelnymi-otzyvami-v-steam-onlain-prevysil-40-tysyach","2025-03-20T18:31:33.000Z","verified","2026-07-24","false"
"Assassin’s Creed Shadows","steam_3159330","50215601","https://dtf.ru/life/3663489-ubisoft-otvetila-ilonu-masku-assassins-creed-shadows?comment=50215601","https://dtf.ru/life/3663489-ubisoft-otvetila-ilonu-masku-assassins-creed-shadows","2025-03-26T15:13:02.000Z","verified","2026-07-24","false"
"Assassin’s Creed Shadows","steam_3159330","51499999","https://dtf.ru/games/3743585-ubisoft-novye-igry-assassins-creed?comment=51499999","https://dtf.ru/games/3743585-ubisoft-novye-igry-assassins-creed","2025-05-03T11:30:51.000Z","verified","2026-07-24","false"
"Kingdom Come: Deliverance II","steam_1771300","48569456","https://dtf.ru/games/3480219-kingdom-come-deliverance-ii-eto-kakoi-to-ad?comment=48569456","https://dtf.ru/games/3480219-kingdom-come-deliverance-ii-eto-kakoi-to-ad","2025-02-06T19:36:39.000Z","verified","2026-07-24","true"
"Kingdom Come: Deliverance II","steam_1771300","37943404","https://dtf.ru/games/2624804-sostoyalsya-anons-kingdom-come-deliverance-ii-treiler-i-skrinshoty?comment=37943404","https://dtf.ru/games/2624804-sostoyalsya-anons-kingdom-come-deliverance-ii-treiler-i-skrinshoty","2024-04-18T18:19:38.000Z","verified","2026-07-24","true"
"Kingdom Come: Deliverance II","steam_1771300","48607986","https://dtf.ru/games/3480219-kingdom-come-deliverance-ii-eto-kakoi-to-ad?comment=48607986","https://dtf.ru/games/3480219-kingdom-come-deliverance-ii-eto-kakoi-to-ad","2025-02-07T20:36:21.000Z","verified","2026-07-24","true"
"Kingdom Come: Deliverance II","steam_1771300","47554944","https://dtf.ru/games/3379112-masshtabno-krasivo-i-smelo-glavnoe-iz-prevyu-kingdom-come-deliverance-ii?comment=47554944","https://dtf.ru/games/3379112-masshtabno-krasivo-i-smelo-glavnoe-iz-prevyu-kingdom-come-deliverance-ii","2025-01-10T17:26:04.000Z","verified","2026-07-24","true"
"Kingdom Come: Deliverance II","steam_1771300","48568944","https://dtf.ru/games/3480219-kingdom-come-deliverance-ii-eto-kakoi-to-ad?comment=48568944","https://dtf.ru/games/3480219-kingdom-come-deliverance-ii-eto-kakoi-to-ad","2025-02-06T19:18:09.000Z","verified","2026-07-24","true"
"Kingdom Come: Deliverance II","steam_1771300","37943358","https://dtf.ru/games/2624804-sostoyalsya-anons-kingdom-come-deliverance-ii-treiler-i-skrinshoty?comment=37943358","https://dtf.ru/games/2624804-sostoyalsya-anons-kingdom-come-deliverance-ii-treiler-i-skrinshoty","2024-04-18T18:17:55.000Z","verified","2026-07-24","true"
"Kingdom Come: Deliverance II","steam_1771300","37943403","https://dtf.ru/games/2624804-sostoyalsya-anons-kingdom-come-deliverance-ii-treiler-i-skrinshoty?comment=37943403","https://dtf.ru/games/2624804-sostoyalsya-anons-kingdom-come-deliverance-ii-treiler-i-skrinshoty","2024-04-18T18:19:37.000Z","verified","2026-07-24","false"
"Kingdom Come: Deliverance II","steam_1771300","47556375","https://dtf.ru/games/3379112-masshtabno-krasivo-i-smelo-glavnoe-iz-prevyu-kingdom-come-deliverance-ii?comment=47556375","https://dtf.ru/games/3379112-masshtabno-krasivo-i-smelo-glavnoe-iz-prevyu-kingdom-come-deliverance-ii","2025-01-10T18:01:31.000Z","verified","2026-07-24","false"
"Kingdom Come: Deliverance II","steam_1771300","47556802","https://dtf.ru/games/3379112-masshtabno-krasivo-i-smelo-glavnoe-iz-prevyu-kingdom-come-deliverance-ii?comment=47556802","https://dtf.ru/games/3379112-masshtabno-krasivo-i-smelo-glavnoe-iz-prevyu-kingdom-come-deliverance-ii","2025-01-10T18:12:07.000Z","verified","2026-07-24","false"
"Clair Obscur: Expedition 33","steam_1903340","53222602","https://dtf.ru/games/3847582-sozdanie-clair-obscur-expedition-33?comment=53222602","https://dtf.ru/games/3847582-sozdanie-clair-obscur-expedition-33","2025-06-21T15:28:31.000Z","verified","2026-07-24","true"
"Clair Obscur: Expedition 33","steam_1903340","53094996","https://dtf.ru/games/3840067-obzor-igry-clair-obscur-expedition-33?comment=53094996","https://dtf.ru/games/3840067-obzor-igry-clair-obscur-expedition-33","2025-06-18T10:19:53.000Z","verified","2026-07-24","true"
"Clair Obscur: Expedition 33","steam_1903340","53496290","https://dtf.ru/games/3864575-metacritic-luchshie-igry-2025?comment=53496290","https://dtf.ru/games/3864575-metacritic-luchshie-igry-2025","2025-06-29T11:00:12.000Z","verified","2026-07-24","true"
"Clair Obscur: Expedition 33","steam_1903340","59763287","https://dtf.ru/flood/4610181-innovatsii-jrpg-v-clair-obscur-expedition-33?comment=59763287","https://dtf.ru/flood/4610181-innovatsii-jrpg-v-clair-obscur-expedition-33","2026-01-02T16:16:34.000Z","verified","2026-07-24","true"
"Clair Obscur: Expedition 33","steam_1903340","53497326","https://dtf.ru/games/3864575-metacritic-luchshie-igry-2025?comment=53497326","https://dtf.ru/games/3864575-metacritic-luchshie-igry-2025","2025-06-29T11:28:44.000Z","verified","2026-07-24","true"
"Clair Obscur: Expedition 33","steam_1903340","51416942","https://dtf.ru/hard/3737714-testirovanie-expedition-33-v-digital-foundry?comment=51416942","https://dtf.ru/hard/3737714-testirovanie-expedition-33-v-digital-foundry","2025-04-30T14:55:29.000Z","verified","2026-07-24","true"
"Clair Obscur: Expedition 33","steam_1903340","51581637","https://dtf.ru/gameindustry/3748435-syuhei-yoshida-clair-obscur-expedition-33?comment=51581637","https://dtf.ru/gameindustry/3748435-syuhei-yoshida-clair-obscur-expedition-33","2025-05-05T19:53:13.000Z","verified","2026-07-24","false"
"Clair Obscur: Expedition 33","steam_1903340","59763461","https://dtf.ru/flood/4610181-innovatsii-jrpg-v-clair-obscur-expedition-33?comment=59763461","https://dtf.ru/flood/4610181-innovatsii-jrpg-v-clair-obscur-expedition-33","2026-01-02T16:21:51.000Z","verified","2026-07-24","false"
"Clair Obscur: Expedition 33","steam_1903340","59761086","https://dtf.ru/flood/4610181-innovatsii-jrpg-v-clair-obscur-expedition-33?comment=59761086","https://dtf.ru/flood/4610181-innovatsii-jrpg-v-clair-obscur-expedition-33","2026-01-02T15:07:34.000Z","verified","2026-07-24","false"
