"game","canonicalGameId","clueId","beforeStatus","afterStatus","action","reason"
"Starfield","steam_1716740","starfield-comment-1","legacy_editorial","unchanged_in_source_pack","preserve_source_file","no_verifiable_dtf_source_in_legacy_clue"
"Starfield","steam_1716740","starfield-comment-2","legacy_editorial","unchanged_in_source_pack","preserve_source_file","no_verifiable_dtf_source_in_legacy_clue"
"Starfield","steam_1716740","starfield-comment-3","legacy_editorial","unchanged_in_source_pack","preserve_source_file","no_verifiable_dtf_source_in_legacy_clue"
"Starfield","steam_1716740","starfield-comment-4","legacy_editorial","unchanged_in_source_pack","preserve_source_file","no_verifiable_dtf_source_in_legacy_clue"
"Starfield","steam_1716740","starfield-comment-5","legacy_editorial","unchanged_in_source_pack","preserve_source_file","no_verifiable_dtf_source_in_legacy_clue"
"Starfield","steam_1716740","starfield-comment-6","legacy_editorial","unchanged_in_source_pack","preserve_source_file","no_verifiable_dtf_source_in_legacy_clue"
"Starfield","steam_1716740","dtf-29092490","absent","verified_dtf_comment","add_to_compatible_patch","public_comment_verified"
"Starfield","steam_1716740","dtf-29575376","absent","verified_dtf_comment","add_to_compatible_patch","public_comment_verified"
"Starfield","steam_1716740","dtf-33869308","absent","verified_dtf_comment","add_to_compatible_patch","public_comment_verified"
"Starfield","steam_1716740","dtf-33868947","absent","verified_dtf_comment","add_to_compatible_patch","public_comment_verified"
"Starfield","steam_1716740","dtf-28943930","absent","verified_dtf_comment","add_to_compatible_patch","public_comment_verified"
"Starfield","steam_1716740","dtf-33238647","absent","verified_dtf_comment","add_to_compatible_patch","public_comment_verified"
"Cyberpunk 2077","steam_1091500","cyberpunk-2077-comment-1","legacy_editorial","unchanged_in_source_pack","preserve_source_file","no_verifiable_dtf_source_in_legacy_clue"
"Cyberpunk 2077","steam_1091500","cyberpunk-2077-comment-2","legacy_editorial","unchanged_in_source_pack","preserve_source_file","no_verifiable_dtf_source_in_legacy_clue"
"Cyberpunk 2077","steam_1091500","cyberpunk-2077-comment-3","legacy_editorial","unchanged_in_source_pack","preserve_source_file","no_verifiable_dtf_source_in_legacy_clue"
"Cyberpunk 2077","steam_1091500","cyberpunk-2077-comment-4","legacy_editorial","unchanged_in_source_pack","preserve_source_file","no_verifiable_dtf_source_in_legacy_clue"
"Cyberpunk 2077","steam_1091500","cyberpunk-2077-comment-5","legacy_editorial","unchanged_in_source_pack","preserve_source_file","no_verifiable_dtf_source_in_legacy_clue"
"Cyberpunk 2077","steam_1091500","cyberpunk-2077-comment-6","legacy_editorial","unchanged_in_source_pack","preserve_source_file","no_verifiable_dtf_source_in_legacy_clue"
"Cyberpunk 2077","steam_1091500","dtf-34183277","absent","verified_dtf_comment","add_to_compatible_patch","public_comment_verified"
"Cyberpunk 2077","steam_1091500","dtf-37505676","absent","verified_dtf_comment","add_to_compatible_patch","public_comment_verified"
"Cyberpunk 2077","steam_1091500","dtf-54077822","absent","verified_dtf_comment","add_to_compatible_patch","public_comment_verified"
"Cyberpunk 2077","steam_1091500","dtf-37507558","absent","verified_dtf_comment","add_to_compatible_patch","public_comment_verified"
"Cyberpunk 2077","steam_1091500","dtf-54077879","absent","verified_dtf_comment","add_to_compatible_patch","public_comment_verified"
"Cyberpunk 2077","steam_1091500","dtf-37505439","absent","verified_dtf_comment","add_to_compatible_patch","public_comment_verified"
"Baldur’s Gate 3","steam_1086940","baldurs-gate-3-comment-1","legacy_editorial","unchanged_in_source_pack","preserve_source_file","no_verifiable_dtf_source_in_legacy_clue"
"Baldur’s Gate 3","steam_1086940","baldurs-gate-3-comment-2","legacy_editorial","unchanged_in_source_pack","preserve_source_file","no_verifiable_dtf_source_in_legacy_clue"
"Baldur’s Gate 3","steam_1086940","baldurs-gate-3-comment-3","legacy_editorial","unchanged_in_source_pack","preserve_source_file","no_verifiable_dtf_source_in_legacy_clue"
"Baldur’s Gate 3","steam_1086940","baldurs-gate-3-comment-4","legacy_editorial","unchanged_in_source_pack","preserve_source_file","no_verifiable_dtf_source_in_legacy_clue"
"Baldur’s Gate 3","steam_1086940","baldurs-gate-3-comment-5","legacy_editorial","unchanged_in_source_pack","preserve_source_file","no_verifiable_dtf_source_in_legacy_clue"
"Baldur’s Gate 3","steam_1086940","baldurs-gate-3-comment-6","legacy_editorial","unchanged_in_source_pack","preserve_source_file","no_verifiable_dtf_source_in_legacy_clue"
"Baldur’s Gate 3","steam_1086940","dtf-27410199","absent","verified_dtf_comment","add_to_compatible_patch","public_comment_verified"
"Baldur’s Gate 3","steam_1086940","dtf-33904347","absent","verified_dtf_comment","add_to_compatible_patch","public_comment_verified"
"Baldur’s Gate 3","steam_1086940","dtf-33904329","absent","verified_dtf_comment","add_to_compatible_patch","public_comment_verified"
"Baldur’s Gate 3","steam_1086940","dtf-33636440","absent","verified_dtf_comment","add_to_compatible_patch","public_comment_verified"
"Baldur’s Gate 3","steam_1086940","dtf-28691943","absent","verified_dtf_comment","add_to_compatible_patch","public_comment_verified"
"Baldur’s Gate 3","steam_1086940","dtf-44335051","absent","verified_dtf_comment","add_to_compatible_patch","public_comment_verified"
"DEATH STRANDING","steam_1190460","death-stranding-comment-1","legacy_editorial","unchanged_in_source_pack","preserve_source_file","no_verifiable_dtf_source_in_legacy_clue"
"DEATH STRANDING","steam_1190460","death-stranding-comment-2","legacy_editorial","unchanged_in_source_pack","preserve_source_file","no_verifiable_dtf_source_in_legacy_clue"
"DEATH STRANDING","steam_1190460","death-stranding-comment-3","legacy_editorial","unchanged_in_source_pack","preserve_source_file","no_verifiable_dtf_source_in_legacy_clue"
"DEATH STRANDING","steam_1190460","death-stranding-comment-4","legacy_editorial","unchanged_in_source_pack","preserve_source_file","no_verifiable_dtf_source_in_legacy_clue"
"DEATH STRANDING","steam_1190460","death-stranding-comment-5","legacy_editorial","unchanged_in_source_pack","preserve_source_file","no_verifiable_dtf_source_in_legacy_clue"
"DEATH STRANDING","steam_1190460","death-stranding-comment-6","legacy_editorial","unchanged_in_source_pack","preserve_source_file","no_verifiable_dtf_source_in_legacy_clue"
"DEATH STRANDING","steam_1190460","dtf-35186056","absent","verified_dtf_comment","add_to_compatible_patch","public_comment_verified"
"DEATH STRANDING","steam_1190460","dtf-49634525","absent","verified_dtf_comment","add_to_compatible_patch","public_comment_verified"
"DEATH STRANDING","steam_1190460","dtf-49635079","absent","verified_dtf_comment","add_to_compatible_patch","public_comment_verified"
"DEATH STRANDING","steam_1190460","dtf-49635516","absent","verified_dtf_comment","add_to_compatible_patch","public_comment_verified"
"DEATH STRANDING","steam_1190460","dtf-35187253","absent","verified_dtf_comment","add_to_compatible_patch","public_comment_verified"
"DEATH STRANDING","steam_1190460","dtf-53284667","absent","verified_dtf_comment","add_to_compatible_patch","public_comment_verified"
"The Day Before","steam_1372880","the-day-before-comment-1","legacy_editorial","unchanged_in_source_pack","preserve_source_file","no_verifiable_dtf_source_in_legacy_clue"
"The Day Before","steam_1372880","the-day-before-comment-2","legacy_editorial","unchanged_in_source_pack","preserve_source_file","no_verifiable_dtf_source_in_legacy_clue"
"The Day Before","steam_1372880","the-day-before-comment-3","legacy_editorial","unchanged_in_source_pack","preserve_source_file","no_verifiable_dtf_source_in_legacy_clue"
"The Day Before","steam_1372880","the-day-before-comment-4","legacy_editorial","unchanged_in_source_pack","preserve_source_file","no_verifiable_dtf_source_in_legacy_clue"
"The Day Before","steam_1372880","the-day-before-comment-5","legacy_editorial","unchanged_in_source_pack","preserve_source_file","no_verifiable_dtf_source_in_legacy_clue"
"The Day Before","steam_1372880","the-day-before-comment-6","legacy_editorial","unchanged_in_source_pack","preserve_source_file","no_verifiable_dtf_source_in_legacy_clue"
"The Day Before","steam_1372880","dtf-32990516","absent","verified_dtf_comment","add_to_compatible_patch","public_comment_verified"
"The Day Before","steam_1372880","dtf-33138345","absent","verified_dtf_comment","add_to_compatible_patch","public_comment_verified"
"The Day Before","steam_1372880","dtf-33028655","absent","verified_dtf_comment","add_to_compatible_patch","public_comment_verified"
"The Day Before","steam_1372880","dtf-35242867","absent","verified_dtf_comment","add_to_compatible_patch","public_comment_verified"
"The Day Before","steam_1372880","dtf-32997663","absent","verified_dtf_comment","add_to_compatible_patch","public_comment_verified"
"The Day Before","steam_1372880","dtf-33132080","absent","verified_dtf_comment","add_to_compatible_patch","public_comment_verified"
"Atomic Heart","steam_668580","atomic-heart-comment-1","legacy_editorial","unchanged_in_source_pack","preserve_source_file","no_verifiable_dtf_source_in_legacy_clue"
"Atomic Heart","steam_668580","atomic-heart-comment-2","legacy_editorial","unchanged_in_source_pack","preserve_source_file","no_verifiable_dtf_source_in_legacy_clue"
"Atomic Heart","steam_668580","atomic-heart-comment-3","legacy_editorial","unchanged_in_source_pack","preserve_source_file","no_verifiable_dtf_source_in_legacy_clue"
"Atomic Heart","steam_668580","atomic-heart-comment-4","legacy_editorial","unchanged_in_source_pack","preserve_source_file","no_verifiable_dtf_source_in_legacy_clue"
"Atomic Heart","steam_668580","atomic-heart-comment-5","legacy_editorial","unchanged_in_source_pack","preserve_source_file","no_verifiable_dtf_source_in_legacy_clue"
"Atomic Heart","steam_668580","atomic-heart-comment-6","legacy_editorial","unchanged_in_source_pack","preserve_source_file","no_verifiable_dtf_source_in_legacy_clue"
"Atomic Heart","steam_668580","dtf-22913772","absent","verified_dtf_comment","add_to_compatible_patch","public_comment_verified"
"Atomic Heart","steam_668580","dtf-22309915","absent","verified_dtf_comment","add_to_compatible_patch","public_comment_verified"
"Atomic Heart","steam_668580","dtf-22857889","absent","verified_dtf_comment","add_to_compatible_patch","public_comment_verified"
"Atomic Heart","steam_668580","dtf-22765849","absent","verified_dtf_comment","add_to_compatible_patch","public_comment_verified"
"Atomic Heart","steam_668580","dtf-23045617","absent","verified_dtf_comment","add_to_compatible_patch","public_comment_verified"
"Atomic Heart","steam_668580","dtf-23042995","absent","verified_dtf_comment","add_to_compatible_patch","public_comment_verified"
"The Elder Scrolls V: Skyrim Special Edition","steam_489830","skyrim-comment-1","legacy_editorial","unchanged_in_source_pack","preserve_source_file","no_verifiable_dtf_source_in_legacy_clue"
"The Elder Scrolls V: Skyrim Special Edition","steam_489830","skyrim-comment-2","legacy_editorial","unchanged_in_source_pack","preserve_source_file","no_verifiable_dtf_source_in_legacy_clue"
"The Elder Scrolls V: Skyrim Special Edition","steam_489830","skyrim-comment-3","legacy_editorial","unchanged_in_source_pack","preserve_source_file","no_verifiable_dtf_source_in_legacy_clue"
"The Elder Scrolls V: Skyrim Special Edition","steam_489830","skyrim-comment-4","legacy_editorial","unchanged_in_source_pack","preserve_source_file","no_verifiable_dtf_source_in_legacy_clue"
"The Elder Scrolls V: Skyrim Special Edition","steam_489830","skyrim-comment-5","legacy_editorial","unchanged_in_source_pack","preserve_source_file","no_verifiable_dtf_source_in_legacy_clue"
"The Elder Scrolls V: Skyrim Special Edition","steam_489830","skyrim-comment-6","legacy_editorial","unchanged_in_source_pack","preserve_source_file","no_verifiable_dtf_source_in_legacy_clue"
"The Elder Scrolls V: Skyrim Special Edition","steam_489830","dtf-29305569","absent","verified_dtf_comment","add_to_compatible_patch","public_comment_verified"
"The Elder Scrolls V: Skyrim Special Edition","steam_489830","dtf-29305798","absent","verified_dtf_comment","add_to_compatible_patch","public_comment_verified"
"The Elder Scrolls V: Skyrim Special Edition","steam_489830","dtf-51530383","absent","verified_dtf_comment","add_to_compatible_patch","public_comment_verified"
"The Elder Scrolls V: Skyrim Special Edition","steam_489830","dtf-29306312","absent","verified_dtf_comment","add_to_compatible_patch","public_comment_verified"
"The Elder Scrolls V: Skyrim Special Edition","steam_489830","dtf-51425706","absent","verified_dtf_comment","add_to_compatible_patch","public_comment_verified"
"The Elder Scrolls V: Skyrim Special Edition","steam_489830","dtf-53261068","absent","verified_dtf_comment","add_to_compatible_patch","public_comment_verified"
"Elden Ring","steam_1245620","elden-ring-comment-1","legacy_editorial","unchanged_in_source_pack","preserve_source_file","no_verifiable_dtf_source_in_legacy_clue"
"Elden Ring","steam_1245620","elden-ring-comment-2","legacy_editorial","unchanged_in_source_pack","preserve_source_file","no_verifiable_dtf_source_in_legacy_clue"
"Elden Ring","steam_1245620","elden-ring-comment-3","legacy_editorial","unchanged_in_source_pack","preserve_source_file","no_verifiable_dtf_source_in_legacy_clue"
"Elden Ring","steam_1245620","elden-ring-comment-4","legacy_editorial","unchanged_in_source_pack","preserve_source_file","no_verifiable_dtf_source_in_legacy_clue"
"Elden Ring","steam_1245620","elden-ring-comment-5","legacy_editorial","unchanged_in_source_pack","preserve_source_file","no_verifiable_dtf_source_in_legacy_clue"
"Elden Ring","steam_1245620","elden-ring-comment-6","legacy_editorial","unchanged_in_source_pack","preserve_source_file","no_verifiable_dtf_source_in_legacy_clue"
"Elden Ring","steam_1245620","dtf-45632397","absent","verified_dtf_comment","add_to_compatible_patch","public_comment_verified"
"Elden Ring","steam_1245620","dtf-35974017","absent","verified_dtf_comment","add_to_compatible_patch","public_comment_verified"
"Elden Ring","steam_1245620","dtf-41241874","absent","verified_dtf_comment","add_to_compatible_patch","public_comment_verified"
"Elden Ring","steam_1245620","dtf-35946739","absent","verified_dtf_comment","add_to_compatible_patch","public_comment_verified"
"Elden Ring","steam_1245620","dtf-39473841","absent","verified_dtf_comment","add_to_compatible_patch","public_comment_verified"
"Elden Ring","steam_1245620","dtf-41254042","absent","verified_dtf_comment","add_to_compatible_patch","public_comment_verified"
"Fallout 76","steam_1151340","fallout-76-comment-1","legacy_editorial","unchanged_in_source_pack","preserve_source_file","no_verifiable_dtf_source_in_legacy_clue"
"Fallout 76","steam_1151340","fallout-76-comment-2","legacy_editorial","unchanged_in_source_pack","preserve_source_file","no_verifiable_dtf_source_in_legacy_clue"
"Fallout 76","steam_1151340","fallout-76-comment-3","legacy_editorial","unchanged_in_source_pack","preserve_source_file","no_verifiable_dtf_source_in_legacy_clue"
"Fallout 76","steam_1151340","fallout-76-comment-4","legacy_editorial","unchanged_in_source_pack","preserve_source_file","no_verifiable_dtf_source_in_legacy_clue"
"Fallout 76","steam_1151340","fallout-76-comment-5","legacy_editorial","unchanged_in_source_pack","preserve_source_file","no_verifiable_dtf_source_in_legacy_clue"
"Fallout 76","steam_1151340","fallout-76-comment-6","legacy_editorial","unchanged_in_source_pack","preserve_source_file","no_verifiable_dtf_source_in_legacy_clue"
"Fallout 76","steam_1151340","dtf-31136061","absent","verified_dtf_comment","add_to_compatible_patch","public_comment_verified"
"Fallout 76","steam_1151340","dtf-31135200","absent","verified_dtf_comment","add_to_compatible_patch","public_comment_verified"
"Fallout 76","steam_1151340","dtf-31135150","absent","verified_dtf_comment","add_to_compatible_patch","public_comment_verified"
"Fallout 76","steam_1151340","dtf-31135278","absent","verified_dtf_comment","add_to_compatible_patch","public_comment_verified"
"Concord","steam_2443720","concord-comment-1","legacy_editorial","unchanged_in_source_pack","preserve_source_file","no_verifiable_dtf_source_in_legacy_clue"
"Concord","steam_2443720","concord-comment-2","legacy_editorial","unchanged_in_source_pack","preserve_source_file","no_verifiable_dtf_source_in_legacy_clue"
"Concord","steam_2443720","concord-comment-3","legacy_editorial","unchanged_in_source_pack","preserve_source_file","no_verifiable_dtf_source_in_legacy_clue"
"Concord","steam_2443720","concord-comment-4","legacy_editorial","unchanged_in_source_pack","preserve_source_file","no_verifiable_dtf_source_in_legacy_clue"
"Concord","steam_2443720","concord-comment-5","legacy_editorial","unchanged_in_source_pack","preserve_source_file","no_verifiable_dtf_source_in_legacy_clue"
"Concord","steam_2443720","concord-comment-6","legacy_editorial","unchanged_in_source_pack","preserve_source_file","no_verifiable_dtf_source_in_legacy_clue"
"Concord","steam_2443720","dtf-47214200","absent","verified_dtf_comment","add_to_compatible_patch","public_comment_verified"
"Concord","steam_2443720","dtf-42258136","absent","verified_dtf_comment","add_to_compatible_patch","public_comment_verified"
"Concord","steam_2443720","dtf-42740191","absent","verified_dtf_comment","add_to_compatible_patch","public_comment_verified"
"Concord","steam_2443720","dtf-42579035","absent","verified_dtf_comment","add_to_compatible_patch","public_comment_verified"
"Concord","steam_2443720","dtf-47214633","absent","verified_dtf_comment","add_to_compatible_patch","public_comment_verified"
"Concord","steam_2443720","dtf-39323457","absent","verified_dtf_comment","add_to_compatible_patch","public_comment_verified"
"The Last of Us Part II","tgdb_55731","the-last-of-us-part-ii-comment-1","legacy_editorial","unchanged_in_source_pack","preserve_source_file","no_verifiable_dtf_source_in_legacy_clue"
"The Last of Us Part II","tgdb_55731","the-last-of-us-part-ii-comment-2","legacy_editorial","unchanged_in_source_pack","preserve_source_file","no_verifiable_dtf_source_in_legacy_clue"
"The Last of Us Part II","tgdb_55731","the-last-of-us-part-ii-comment-3","legacy_editorial","unchanged_in_source_pack","preserve_source_file","no_verifiable_dtf_source_in_legacy_clue"
"The Last of Us Part II","tgdb_55731","the-last-of-us-part-ii-comment-4","legacy_editorial","unchanged_in_source_pack","preserve_source_file","no_verifiable_dtf_source_in_legacy_clue"
"The Last of Us Part II","tgdb_55731","the-last-of-us-part-ii-comment-5","legacy_editorial","unchanged_in_source_pack","preserve_source_file","no_verifiable_dtf_source_in_legacy_clue"
"The Last of Us Part II","tgdb_55731","the-last-of-us-part-ii-comment-6","legacy_editorial","unchanged_in_source_pack","preserve_source_file","no_verifiable_dtf_source_in_legacy_clue"
"The Last of Us Part II","tgdb_55731","dtf-34570593","absent","verified_dtf_comment","add_to_compatible_patch","public_comment_verified"
"The Last of Us Part II","tgdb_55731","dtf-51039375","absent","verified_dtf_comment","add_to_compatible_patch","public_comment_verified"
"The Last of Us Part II","tgdb_55731","dtf-34569356","absent","verified_dtf_comment","add_to_compatible_patch","public_comment_verified"
"The Last of Us Part II","tgdb_55731","dtf-51042390","absent","verified_dtf_comment","add_to_compatible_patch","public_comment_verified"
"The Last of Us Part II","tgdb_55731","dtf-51041086","absent","verified_dtf_comment","add_to_compatible_patch","public_comment_verified"
"The Last of Us Part II","tgdb_55731","dtf-34569300","absent","verified_dtf_comment","add_to_compatible_patch","public_comment_verified"
"Bloodborne","tgdb_20960","bloodborne-comment-1","legacy_editorial","unchanged_in_source_pack","preserve_source_file","no_verifiable_dtf_source_in_legacy_clue"
"Bloodborne","tgdb_20960","bloodborne-comment-2","legacy_editorial","unchanged_in_source_pack","preserve_source_file","no_verifiable_dtf_source_in_legacy_clue"
"Bloodborne","tgdb_20960","bloodborne-comment-3","legacy_editorial","unchanged_in_source_pack","preserve_source_file","no_verifiable_dtf_source_in_legacy_clue"
"Bloodborne","tgdb_20960","bloodborne-comment-4","legacy_editorial","unchanged_in_source_pack","preserve_source_file","no_verifiable_dtf_source_in_legacy_clue"
"Bloodborne","tgdb_20960","bloodborne-comment-5","legacy_editorial","unchanged_in_source_pack","preserve_source_file","no_verifiable_dtf_source_in_legacy_clue"
"Bloodborne","tgdb_20960","bloodborne-comment-6","legacy_editorial","unchanged_in_source_pack","preserve_source_file","no_verifiable_dtf_source_in_legacy_clue"
"Bloodborne","tgdb_20960","dtf-41540172","absent","verified_dtf_comment","add_to_compatible_patch","public_comment_verified"
"Bloodborne","tgdb_20960","dtf-35977830","absent","verified_dtf_comment","add_to_compatible_patch","public_comment_verified"
"Bloodborne","tgdb_20960","dtf-39790802","absent","verified_dtf_comment","add_to_compatible_patch","public_comment_verified"
"Bloodborne","tgdb_20960","dtf-39790095","absent","verified_dtf_comment","add_to_compatible_patch","public_comment_verified"
"Bloodborne","tgdb_20960","dtf-47979588","absent","verified_dtf_comment","add_to_compatible_patch","public_comment_verified"
"Bloodborne","tgdb_20960","dtf-47978830","absent","verified_dtf_comment","add_to_compatible_patch","public_comment_verified"
"No Man's Sky","tgdb_114990","no-mans-sky-comment-1","legacy_editorial","unchanged_in_source_pack","preserve_source_file","no_verifiable_dtf_source_in_legacy_clue"
"No Man's Sky","tgdb_114990","no-mans-sky-comment-2","legacy_editorial","unchanged_in_source_pack","preserve_source_file","no_verifiable_dtf_source_in_legacy_clue"
"No Man's Sky","tgdb_114990","no-mans-sky-comment-3","legacy_editorial","unchanged_in_source_pack","preserve_source_file","no_verifiable_dtf_source_in_legacy_clue"
"No Man's Sky","tgdb_114990","no-mans-sky-comment-4","legacy_editorial","unchanged_in_source_pack","preserve_source_file","no_verifiable_dtf_source_in_legacy_clue"
"No Man's Sky","tgdb_114990","no-mans-sky-comment-5","legacy_editorial","unchanged_in_source_pack","preserve_source_file","no_verifiable_dtf_source_in_legacy_clue"
"No Man's Sky","tgdb_114990","no-mans-sky-comment-6","legacy_editorial","unchanged_in_source_pack","preserve_source_file","no_verifiable_dtf_source_in_legacy_clue"
"No Man's Sky","tgdb_114990","dtf-40900437","absent","verified_dtf_comment","add_to_compatible_patch","public_comment_verified"
"No Man's Sky","tgdb_114990","dtf-40900968","absent","verified_dtf_comment","add_to_compatible_patch","public_comment_verified"
"No Man's Sky","tgdb_114990","dtf-29154557","absent","verified_dtf_comment","add_to_compatible_patch","public_comment_verified"
"No Man's Sky","tgdb_114990","dtf-24132923","absent","verified_dtf_comment","add_to_compatible_patch","public_comment_verified"
"No Man's Sky","tgdb_114990","dtf-33081815","absent","verified_dtf_comment","add_to_compatible_patch","public_comment_verified"
"No Man's Sky","tgdb_114990","dtf-33082628","absent","verified_dtf_comment","add_to_compatible_patch","public_comment_verified"
"Red Dead Redemption 2","tgdb_103202","red-dead-redemption-2-comment-1","legacy_editorial","unchanged_in_source_pack","preserve_source_file","no_verifiable_dtf_source_in_legacy_clue"
"Red Dead Redemption 2","tgdb_103202","red-dead-redemption-2-comment-2","legacy_editorial","unchanged_in_source_pack","preserve_source_file","no_verifiable_dtf_source_in_legacy_clue"
"Red Dead Redemption 2","tgdb_103202","red-dead-redemption-2-comment-3","legacy_editorial","unchanged_in_source_pack","preserve_source_file","no_verifiable_dtf_source_in_legacy_clue"
"Red Dead Redemption 2","tgdb_103202","red-dead-redemption-2-comment-4","legacy_editorial","unchanged_in_source_pack","preserve_source_file","no_verifiable_dtf_source_in_legacy_clue"
"Red Dead Redemption 2","tgdb_103202","red-dead-redemption-2-comment-5","legacy_editorial","unchanged_in_source_pack","preserve_source_file","no_verifiable_dtf_source_in_legacy_clue"
"Red Dead Redemption 2","tgdb_103202","red-dead-redemption-2-comment-6","legacy_editorial","unchanged_in_source_pack","preserve_source_file","no_verifiable_dtf_source_in_legacy_clue"
"Red Dead Redemption 2","tgdb_103202","dtf-32511843","absent","verified_dtf_comment","add_to_compatible_patch","public_comment_verified"
"Red Dead Redemption 2","tgdb_103202","dtf-32511867","absent","verified_dtf_comment","add_to_compatible_patch","public_comment_verified"
"Red Dead Redemption 2","tgdb_103202","dtf-32511797","absent","verified_dtf_comment","add_to_compatible_patch","public_comment_verified"
"Red Dead Redemption 2","tgdb_103202","dtf-32512703","absent","verified_dtf_comment","add_to_compatible_patch","public_comment_verified"
"Hogwarts Legacy","steam_990080","hogwarts-legacy-comment-1","legacy_editorial","unchanged_in_source_pack","preserve_source_file","no_verifiable_dtf_source_in_legacy_clue"
"Hogwarts Legacy","steam_990080","hogwarts-legacy-comment-2","legacy_editorial","unchanged_in_source_pack","preserve_source_file","no_verifiable_dtf_source_in_legacy_clue"
"Hogwarts Legacy","steam_990080","hogwarts-legacy-comment-3","legacy_editorial","unchanged_in_source_pack","preserve_source_file","no_verifiable_dtf_source_in_legacy_clue"
"Hogwarts Legacy","steam_990080","hogwarts-legacy-comment-4","legacy_editorial","unchanged_in_source_pack","preserve_source_file","no_verifiable_dtf_source_in_legacy_clue"
"Hogwarts Legacy","steam_990080","hogwarts-legacy-comment-5","legacy_editorial","unchanged_in_source_pack","preserve_source_file","no_verifiable_dtf_source_in_legacy_clue"
"Hogwarts Legacy","steam_990080","hogwarts-legacy-comment-6","legacy_editorial","unchanged_in_source_pack","preserve_source_file","no_verifiable_dtf_source_in_legacy_clue"
"Hogwarts Legacy","steam_990080","dtf-33796427","absent","verified_dtf_comment","add_to_compatible_patch","public_comment_verified"
"Hogwarts Legacy","steam_990080","dtf-22494139","absent","verified_dtf_comment","add_to_compatible_patch","public_comment_verified"
"Hogwarts Legacy","steam_990080","dtf-22493092","absent","verified_dtf_comment","add_to_compatible_patch","public_comment_verified"
"Hogwarts Legacy","steam_990080","dtf-33678018","absent","verified_dtf_comment","add_to_compatible_patch","public_comment_verified"
"Hogwarts Legacy","steam_990080","dtf-32014433","absent","verified_dtf_comment","add_to_compatible_patch","public_comment_verified"
"Hogwarts Legacy","steam_990080","dtf-32013520","absent","verified_dtf_comment","add_to_compatible_patch","public_comment_verified"
"Ведьмак 3: Дикая Охота","steam_292030","the-witcher-3-comment-1","legacy_editorial","unchanged_in_source_pack","preserve_source_file","no_verifiable_dtf_source_in_legacy_clue"
"Ведьмак 3: Дикая Охота","steam_292030","the-witcher-3-comment-2","legacy_editorial","unchanged_in_source_pack","preserve_source_file","no_verifiable_dtf_source_in_legacy_clue"
"Ведьмак 3: Дикая Охота","steam_292030","the-witcher-3-comment-3","legacy_editorial","unchanged_in_source_pack","preserve_source_file","no_verifiable_dtf_source_in_legacy_clue"
"Ведьмак 3: Дикая Охота","steam_292030","the-witcher-3-comment-4","legacy_editorial","unchanged_in_source_pack","preserve_source_file","no_verifiable_dtf_source_in_legacy_clue"
"Ведьмак 3: Дикая Охота","steam_292030","the-witcher-3-comment-5","legacy_editorial","unchanged_in_source_pack","preserve_source_file","no_verifiable_dtf_source_in_legacy_clue"
"Ведьмак 3: Дикая Охота","steam_292030","the-witcher-3-comment-6","legacy_editorial","unchanged_in_source_pack","preserve_source_file","no_verifiable_dtf_source_in_legacy_clue"
"Disco Elysium - The Final Cut","steam_632470","disco-elysium-comment-1","legacy_editorial","unchanged_in_source_pack","preserve_source_file","no_verifiable_dtf_source_in_legacy_clue"
"Disco Elysium - The Final Cut","steam_632470","disco-elysium-comment-2","legacy_editorial","unchanged_in_source_pack","preserve_source_file","no_verifiable_dtf_source_in_legacy_clue"
"Disco Elysium - The Final Cut","steam_632470","disco-elysium-comment-3","legacy_editorial","unchanged_in_source_pack","preserve_source_file","no_verifiable_dtf_source_in_legacy_clue"
"Disco Elysium - The Final Cut","steam_632470","disco-elysium-comment-4","legacy_editorial","unchanged_in_source_pack","preserve_source_file","no_verifiable_dtf_source_in_legacy_clue"
"Disco Elysium - The Final Cut","steam_632470","disco-elysium-comment-5","legacy_editorial","unchanged_in_source_pack","preserve_source_file","no_verifiable_dtf_source_in_legacy_clue"
"Disco Elysium - The Final Cut","steam_632470","disco-elysium-comment-6","legacy_editorial","unchanged_in_source_pack","preserve_source_file","no_verifiable_dtf_source_in_legacy_clue"
"Disco Elysium - The Final Cut","steam_632470","dtf-30598219","absent","verified_dtf_comment","add_to_compatible_patch","public_comment_verified"
"Disco Elysium - The Final Cut","steam_632470","dtf-30598428","absent","verified_dtf_comment","add_to_compatible_patch","public_comment_verified"
"Disco Elysium - The Final Cut","steam_632470","dtf-30615259","absent","verified_dtf_comment","add_to_compatible_patch","public_comment_verified"
"Disco Elysium - The Final Cut","steam_632470","dtf-30599791","absent","verified_dtf_comment","add_to_compatible_patch","public_comment_verified"
"Grand Theft Auto V Legacy","steam_271590","grand-theft-auto-v-comment-1","legacy_editorial","unchanged_in_source_pack","preserve_source_file","no_verifiable_dtf_source_in_legacy_clue"
"Grand Theft Auto V Legacy","steam_271590","grand-theft-auto-v-comment-2","legacy_editorial","unchanged_in_source_pack","preserve_source_file","no_verifiable_dtf_source_in_legacy_clue"
"Grand Theft Auto V Legacy","steam_271590","grand-theft-auto-v-comment-3","legacy_editorial","unchanged_in_source_pack","preserve_source_file","no_verifiable_dtf_source_in_legacy_clue"
"Grand Theft Auto V Legacy","steam_271590","grand-theft-auto-v-comment-4","legacy_editorial","unchanged_in_source_pack","preserve_source_file","no_verifiable_dtf_source_in_legacy_clue"
"Grand Theft Auto V Legacy","steam_271590","grand-theft-auto-v-comment-5","legacy_editorial","unchanged_in_source_pack","preserve_source_file","no_verifiable_dtf_source_in_legacy_clue"
"Grand Theft Auto V Legacy","steam_271590","grand-theft-auto-v-comment-6","legacy_editorial","unchanged_in_source_pack","preserve_source_file","no_verifiable_dtf_source_in_legacy_clue"
"Grand Theft Auto V Legacy","steam_271590","dtf-33633081","absent","verified_dtf_comment","add_to_compatible_patch","public_comment_verified"
"Grand Theft Auto V Legacy","steam_271590","dtf-32872015","absent","verified_dtf_comment","add_to_compatible_patch","public_comment_verified"
"Grand Theft Auto V Legacy","steam_271590","dtf-32869122","absent","verified_dtf_comment","add_to_compatible_patch","public_comment_verified"
"Grand Theft Auto V Legacy","steam_271590","dtf-32869127","absent","verified_dtf_comment","add_to_compatible_patch","public_comment_verified"
"Grand Theft Auto V Legacy","steam_271590","dtf-49487001","absent","verified_dtf_comment","add_to_compatible_patch","public_comment_verified"
"Grand Theft Auto V Legacy","steam_271590","dtf-33632847","absent","verified_dtf_comment","add_to_compatible_patch","public_comment_verified"
"Helldivers 2","steam_553850","helldivers-2-comment-1","legacy_editorial","unchanged_in_source_pack","preserve_source_file","no_verifiable_dtf_source_in_legacy_clue"
"Helldivers 2","steam_553850","helldivers-2-comment-2","legacy_editorial","unchanged_in_source_pack","preserve_source_file","no_verifiable_dtf_source_in_legacy_clue"
"Helldivers 2","steam_553850","helldivers-2-comment-3","legacy_editorial","unchanged_in_source_pack","preserve_source_file","no_verifiable_dtf_source_in_legacy_clue"
"Helldivers 2","steam_553850","helldivers-2-comment-4","legacy_editorial","unchanged_in_source_pack","preserve_source_file","no_verifiable_dtf_source_in_legacy_clue"
"Helldivers 2","steam_553850","helldivers-2-comment-5","legacy_editorial","unchanged_in_source_pack","preserve_source_file","no_verifiable_dtf_source_in_legacy_clue"
"Helldivers 2","steam_553850","helldivers-2-comment-6","legacy_editorial","unchanged_in_source_pack","preserve_source_file","no_verifiable_dtf_source_in_legacy_clue"
"Helldivers 2","steam_553850","dtf-41439201","absent","verified_dtf_comment","add_to_compatible_patch","public_comment_verified"
"Helldivers 2","steam_553850","dtf-46974535","absent","verified_dtf_comment","add_to_compatible_patch","public_comment_verified"
"Helldivers 2","steam_553850","dtf-36555585","absent","verified_dtf_comment","add_to_compatible_patch","public_comment_verified"
"Helldivers 2","steam_553850","dtf-35612505","absent","verified_dtf_comment","add_to_compatible_patch","public_comment_verified"
"Helldivers 2","steam_553850","dtf-35609571","absent","verified_dtf_comment","add_to_compatible_patch","public_comment_verified"
"Helldivers 2","steam_553850","dtf-35610262","absent","verified_dtf_comment","add_to_compatible_patch","public_comment_verified"
"Dragon Age: На страже Завесы","steam_1845910","dragon-age-the-veilguard-comment-1","legacy_editorial","unchanged_in_source_pack","preserve_source_file","no_verifiable_dtf_source_in_legacy_clue"
"Dragon Age: На страже Завесы","steam_1845910","dragon-age-the-veilguard-comment-2","legacy_editorial","unchanged_in_source_pack","preserve_source_file","no_verifiable_dtf_source_in_legacy_clue"
"Dragon Age: На страже Завесы","steam_1845910","dragon-age-the-veilguard-comment-3","legacy_editorial","unchanged_in_source_pack","preserve_source_file","no_verifiable_dtf_source_in_legacy_clue"
"Dragon Age: На страже Завесы","steam_1845910","dragon-age-the-veilguard-comment-4","legacy_editorial","unchanged_in_source_pack","preserve_source_file","no_verifiable_dtf_source_in_legacy_clue"
"Dragon Age: На страже Завесы","steam_1845910","dragon-age-the-veilguard-comment-5","legacy_editorial","unchanged_in_source_pack","preserve_source_file","no_verifiable_dtf_source_in_legacy_clue"
"Dragon Age: На страже Завесы","steam_1845910","dragon-age-the-veilguard-comment-6","legacy_editorial","unchanged_in_source_pack","preserve_source_file","no_verifiable_dtf_source_in_legacy_clue"
"Dragon Age: На страже Завесы","steam_1845910","dtf-45824815","absent","verified_dtf_comment","add_to_compatible_patch","public_comment_verified"
"Dragon Age: На страже Завесы","steam_1845910","dtf-44839170","absent","verified_dtf_comment","add_to_compatible_patch","public_comment_verified"
"Dragon Age: На страже Завесы","steam_1845910","dtf-44838890","absent","verified_dtf_comment","add_to_compatible_patch","public_comment_verified"
"Dragon Age: На страже Завесы","steam_1845910","dtf-52869368","absent","verified_dtf_comment","add_to_compatible_patch","public_comment_verified"
"Dragon Age: На страже Завесы","steam_1845910","dtf-39712956","absent","verified_dtf_comment","add_to_compatible_patch","public_comment_verified"
"Dragon Age: На страже Завесы","steam_1845910","dtf-52865534","absent","verified_dtf_comment","add_to_compatible_patch","public_comment_verified"
"S.T.A.L.K.E.R. 2: Сердце Чернобыля","steam_1643320","stalker-2-comment-1","legacy_editorial","unchanged_in_source_pack","preserve_source_file","no_verifiable_dtf_source_in_legacy_clue"
"S.T.A.L.K.E.R. 2: Сердце Чернобыля","steam_1643320","stalker-2-comment-2","legacy_editorial","unchanged_in_source_pack","preserve_source_file","no_verifiable_dtf_source_in_legacy_clue"
"S.T.A.L.K.E.R. 2: Сердце Чернобыля","steam_1643320","stalker-2-comment-3","legacy_editorial","unchanged_in_source_pack","preserve_source_file","no_verifiable_dtf_source_in_legacy_clue"
"S.T.A.L.K.E.R. 2: Сердце Чернобыля","steam_1643320","stalker-2-comment-4","legacy_editorial","unchanged_in_source_pack","preserve_source_file","no_verifiable_dtf_source_in_legacy_clue"
"S.T.A.L.K.E.R. 2: Сердце Чернобыля","steam_1643320","stalker-2-comment-5","legacy_editorial","unchanged_in_source_pack","preserve_source_file","no_verifiable_dtf_source_in_legacy_clue"
"S.T.A.L.K.E.R. 2: Сердце Чернобыля","steam_1643320","stalker-2-comment-6","legacy_editorial","unchanged_in_source_pack","preserve_source_file","no_verifiable_dtf_source_in_legacy_clue"
"S.T.A.L.K.E.R. 2: Сердце Чернобыля","steam_1643320","dtf-41833201","absent","verified_dtf_comment","add_to_compatible_patch","public_comment_verified"
"S.T.A.L.K.E.R. 2: Сердце Чернобыля","steam_1643320","dtf-41172265","absent","verified_dtf_comment","add_to_compatible_patch","public_comment_verified"
"S.T.A.L.K.E.R. 2: Сердце Чернобыля","steam_1643320","dtf-41836150","absent","verified_dtf_comment","add_to_compatible_patch","public_comment_verified"
"S.T.A.L.K.E.R. 2: Сердце Чернобыля","steam_1643320","dtf-41172128","absent","verified_dtf_comment","add_to_compatible_patch","public_comment_verified"
"S.T.A.L.K.E.R. 2: Сердце Чернобыля","steam_1643320","dtf-41832794","absent","verified_dtf_comment","add_to_compatible_patch","public_comment_verified"
"S.T.A.L.K.E.R. 2: Сердце Чернобыля","steam_1643320","dtf-41172348","absent","verified_dtf_comment","add_to_compatible_patch","public_comment_verified"
"Assassin’s Creed Shadows","steam_3159330","assassins-creed-shadows-comment-1","legacy_editorial","unchanged_in_source_pack","preserve_source_file","no_verifiable_dtf_source_in_legacy_clue"
"Assassin’s Creed Shadows","steam_3159330","assassins-creed-shadows-comment-2","legacy_editorial","unchanged_in_source_pack","preserve_source_file","no_verifiable_dtf_source_in_legacy_clue"
"Assassin’s Creed Shadows","steam_3159330","assassins-creed-shadows-comment-3","legacy_editorial","unchanged_in_source_pack","preserve_source_file","no_verifiable_dtf_source_in_legacy_clue"
"Assassin’s Creed Shadows","steam_3159330","assassins-creed-shadows-comment-4","legacy_editorial","unchanged_in_source_pack","preserve_source_file","no_verifiable_dtf_source_in_legacy_clue"
"Assassin’s Creed Shadows","steam_3159330","assassins-creed-shadows-comment-5","legacy_editorial","unchanged_in_source_pack","preserve_source_file","no_verifiable_dtf_source_in_legacy_clue"
"Assassin’s Creed Shadows","steam_3159330","assassins-creed-shadows-comment-6","legacy_editorial","unchanged_in_source_pack","preserve_source_file","no_verifiable_dtf_source_in_legacy_clue"
"Assassin’s Creed Shadows","steam_3159330","dtf-38830563","absent","verified_dtf_comment","add_to_compatible_patch","public_comment_verified"
"Assassin’s Creed Shadows","steam_3159330","dtf-38829964","absent","verified_dtf_comment","add_to_compatible_patch","public_comment_verified"
"Assassin’s Creed Shadows","steam_3159330","dtf-49933571","absent","verified_dtf_comment","add_to_compatible_patch","public_comment_verified"
"Assassin’s Creed Shadows","steam_3159330","dtf-38820195","absent","verified_dtf_comment","add_to_compatible_patch","public_comment_verified"
"Assassin’s Creed Shadows","steam_3159330","dtf-49968890","absent","verified_dtf_comment","add_to_compatible_patch","public_comment_verified"
"Assassin’s Creed Shadows","steam_3159330","dtf-49968914","absent","verified_dtf_comment","add_to_compatible_patch","public_comment_verified"
"Silent Hill 2","steam_2124490","silent-hill-2-remake-comment-1","legacy_editorial","unchanged_in_source_pack","preserve_source_file","no_verifiable_dtf_source_in_legacy_clue"
"Silent Hill 2","steam_2124490","silent-hill-2-remake-comment-2","legacy_editorial","unchanged_in_source_pack","preserve_source_file","no_verifiable_dtf_source_in_legacy_clue"
"Silent Hill 2","steam_2124490","silent-hill-2-remake-comment-3","legacy_editorial","unchanged_in_source_pack","preserve_source_file","no_verifiable_dtf_source_in_legacy_clue"
"Silent Hill 2","steam_2124490","silent-hill-2-remake-comment-4","legacy_editorial","unchanged_in_source_pack","preserve_source_file","no_verifiable_dtf_source_in_legacy_clue"
"Silent Hill 2","steam_2124490","silent-hill-2-remake-comment-5","legacy_editorial","unchanged_in_source_pack","preserve_source_file","no_verifiable_dtf_source_in_legacy_clue"
"Silent Hill 2","steam_2124490","silent-hill-2-remake-comment-6","legacy_editorial","unchanged_in_source_pack","preserve_source_file","no_verifiable_dtf_source_in_legacy_clue"
"Silent Hill 2","steam_2124490","dtf-42533783","absent","verified_dtf_comment","add_to_compatible_patch","public_comment_verified"
"Silent Hill 2","steam_2124490","dtf-42532463","absent","verified_dtf_comment","add_to_compatible_patch","public_comment_verified"
"Silent Hill 2","steam_2124490","dtf-42549335","absent","verified_dtf_comment","add_to_compatible_patch","public_comment_verified"
"Silent Hill 2","steam_2124490","dtf-42531966","absent","verified_dtf_comment","add_to_compatible_patch","public_comment_verified"
"Kingdom Come: Deliverance II","steam_1771300","kingdom-come-deliverance-ii-comment-1","legacy_editorial","unchanged_in_source_pack","preserve_source_file","no_verifiable_dtf_source_in_legacy_clue"
"Kingdom Come: Deliverance II","steam_1771300","kingdom-come-deliverance-ii-comment-2","legacy_editorial","unchanged_in_source_pack","preserve_source_file","no_verifiable_dtf_source_in_legacy_clue"
"Kingdom Come: Deliverance II","steam_1771300","kingdom-come-deliverance-ii-comment-3","legacy_editorial","unchanged_in_source_pack","preserve_source_file","no_verifiable_dtf_source_in_legacy_clue"
"Kingdom Come: Deliverance II","steam_1771300","kingdom-come-deliverance-ii-comment-4","legacy_editorial","unchanged_in_source_pack","preserve_source_file","no_verifiable_dtf_source_in_legacy_clue"
"Kingdom Come: Deliverance II","steam_1771300","kingdom-come-deliverance-ii-comment-5","legacy_editorial","unchanged_in_source_pack","preserve_source_file","no_verifiable_dtf_source_in_legacy_clue"
"Kingdom Come: Deliverance II","steam_1771300","kingdom-come-deliverance-ii-comment-6","legacy_editorial","unchanged_in_source_pack","preserve_source_file","no_verifiable_dtf_source_in_legacy_clue"
"Kingdom Come: Deliverance II","steam_1771300","dtf-48569456","absent","verified_dtf_comment","add_to_compatible_patch","public_comment_verified"
"Kingdom Come: Deliverance II","steam_1771300","dtf-37943404","absent","verified_dtf_comment","add_to_compatible_patch","public_comment_verified"
"Kingdom Come: Deliverance II","steam_1771300","dtf-48607986","absent","verified_dtf_comment","add_to_compatible_patch","public_comment_verified"
"Kingdom Come: Deliverance II","steam_1771300","dtf-47554944","absent","verified_dtf_comment","add_to_compatible_patch","public_comment_verified"
"Kingdom Come: Deliverance II","steam_1771300","dtf-48568944","absent","verified_dtf_comment","add_to_compatible_patch","public_comment_verified"
"Kingdom Come: Deliverance II","steam_1771300","dtf-37943358","absent","verified_dtf_comment","add_to_compatible_patch","public_comment_verified"
"Clair Obscur: Expedition 33","steam_1903340","clair-obscur-expedition-33-comment-1","legacy_editorial","unchanged_in_source_pack","preserve_source_file","no_verifiable_dtf_source_in_legacy_clue"
"Clair Obscur: Expedition 33","steam_1903340","clair-obscur-expedition-33-comment-2","legacy_editorial","unchanged_in_source_pack","preserve_source_file","no_verifiable_dtf_source_in_legacy_clue"
"Clair Obscur: Expedition 33","steam_1903340","clair-obscur-expedition-33-comment-3","legacy_editorial","unchanged_in_source_pack","preserve_source_file","no_verifiable_dtf_source_in_legacy_clue"
"Clair Obscur: Expedition 33","steam_1903340","clair-obscur-expedition-33-comment-4","legacy_editorial","unchanged_in_source_pack","preserve_source_file","no_verifiable_dtf_source_in_legacy_clue"
"Clair Obscur: Expedition 33","steam_1903340","clair-obscur-expedition-33-comment-5","legacy_editorial","unchanged_in_source_pack","preserve_source_file","no_verifiable_dtf_source_in_legacy_clue"
"Clair Obscur: Expedition 33","steam_1903340","clair-obscur-expedition-33-comment-6","legacy_editorial","unchanged_in_source_pack","preserve_source_file","no_verifiable_dtf_source_in_legacy_clue"
"Clair Obscur: Expedition 33","steam_1903340","dtf-53222602","absent","verified_dtf_comment","add_to_compatible_patch","public_comment_verified"
"Clair Obscur: Expedition 33","steam_1903340","dtf-53094996","absent","verified_dtf_comment","add_to_compatible_patch","public_comment_verified"
"Clair Obscur: Expedition 33","steam_1903340","dtf-53496290","absent","verified_dtf_comment","add_to_compatible_patch","public_comment_verified"
"Clair Obscur: Expedition 33","steam_1903340","dtf-59764146","absent","verified_dtf_comment","add_to_compatible_patch","public_comment_verified"
"Clair Obscur: Expedition 33","steam_1903340","dtf-53497326","absent","verified_dtf_comment","add_to_compatible_patch","public_comment_verified"
"Clair Obscur: Expedition 33","steam_1903340","dtf-51416942","absent","verified_dtf_comment","add_to_compatible_patch","public_comment_verified"
