"game","order","displayText","source","signal","difficulty","answerLeak","moderation","status"
"Starfield","1","А ты? Много потешного детского хейта было к игре за последнее время, настроение повышает знатно.","https://dtf.ru/id123425/2084400-o-starfield-ili-operaciya-ohladit-by?comment=29092490","player-experience","hard","false","safe","published"
"Starfield","2","Спасибо. Хоть один нормальный разъёб без очередного ""я не могу подлететь к планете, Тодд Говард сломал моё погружение"". А тут всё по делу и возразить нечего.","https://dtf.ru/games/2115320-starfield-issledoval-100-planet-i-teper-delyus-mneniem-ob-igre?comment=29575376","player-experience","hard/medium","false","safe","published"
"Starfield","3","Bioware хотя бы не говорила всем подряд что они изобрели NASApunk какой-то для игры. Если у Bioware в игре магия есть, то какого черта нет инопланетян? Было бы не так тоскливо сотни тысяч одинаковых спэйсеров убивать","https://dtf.ru/games/2382225-protivorechie-goda-starfield?comment=33869308","player-experience","medium","false","safe","published"
"Starfield","4","База. [название игры] не имеет ничего общего с теми самыми играми бесезды за которые студию любят. Это всё равно что Биовары бы сделали игру без романов и напарников.","https://dtf.ru/games/2382225-protivorechie-goda-starfield?comment=33868947","player-experience","medium","false","safe","published"
"Starfield","5","на дтф началась арка [название игры], всех поздравляю!","https://dtf.ru/games/2074898-ocenki-starfield-88-ballov-iz-100-na-metacritic?comment=28943930","community-humor","medium/easy","false","safe","published"
"Starfield","6","Новости про [название игры] с каждым разом всё смешнее.","https://dtf.ru/gameindustry/2345832-dizain-direktor-starfield-obratilsya-k-kritikam-igr-ne-dumaite-chto-znaete-pochemu-oni-vyhodyat-imenno-takimi?comment=33238647","community-humor","easy","false","safe","published"
"Starfield","","Вот смотрю я на [название игры] и не могу понять А нахуя нужна механика корабля, если она совсем никакая?","https://dtf.ru/id123425/2084400-o-starfield-ili-operaciya-ohladit-by?comment=29092457","mechanics","reserve","false","safe","reserve"
"Starfield","","Не будем спорить о вкусах, но вот раздел оптимизация шедеврален.","https://dtf.ru/id123425/2084400-o-starfield-ili-operaciya-ohladit-by?comment=29092976","technical","reserve","false","safe","reserve"
"Starfield","",">На летней демонстрации космическая RPG выглядела настолько здорово Игра даже тогда выглядела паршиво, а авторы пытались скрыть те же загрузки любыми способами.","https://dtf.ru/games/2382225-protivorechie-goda-starfield?comment=33869158","technical","reserve","false","safe","reserve"
"Cyberpunk 2077","1","Готовятся удалять со всех торрент-трекеров.","https://dtf.ru/granger/2406112-dlya-cyberpunk-2077-phantom-liberty-vyshla-neiroozvuchka-na-russkom-yazyke?comment=34183277","player-experience","hard","false","safe","published"
"Cyberpunk 2077","2","Так ещё и аудитория вокруг игры собралась такая, не очень притязательная, потому что не часто в игры играет, за пределами очень популярных проектов.","https://dtf.ru/games/2597606-heiteram-predlagayu-vspomnit-reliz-cyberpunk-2077-chto-pishut-igroki-o-smute?comment=37505676","player-experience","hard/medium","false","safe","published"
"Cyberpunk 2077","3","Огромное количество игр (от третьего ведьмака до бэтмена архэм сити) ставят персонажа и игрока в нарративно жёсткие временные рамки и...","https://dtf.ru/granger/3902170-patch-2-3-dlya-cyberpunk-2077?comment=54077822","story","medium","false","safe","published"
"Cyberpunk 2077","4","Реально, можно вспомнит... КП вышел на релизе жутко забагованным, на старых поколениях консолей почти неиграбельным куском кода, но....","https://dtf.ru/games/2597606-heiteram-predlagayu-vspomnit-reliz-cyberpunk-2077-chto-pishut-igroki-o-smute?comment=37507558","technical; release-context","medium","false","safe","published"
"Cyberpunk 2077","5","Кибер кал 2077 может и хорошая, не играл, а вот [название игры] шикарное произведение, ставшее флагманом едва ли не канувшего в лету жанра киберпанк","https://dtf.ru/granger/3902170-patch-2-3-dlya-cyberpunk-2077?comment=54077879","technical","medium/easy","false","safe","published"
"Cyberpunk 2077","6","Хейтерам предлагаю вспомнить релиз [название игры] Вспоминаю. Как их позор отменяет этот?","https://dtf.ru/games/2597606-heiteram-predlagayu-vspomnit-reliz-cyberpunk-2077-chto-pishut-igroki-o-smute?comment=37505439","technical; release-context","easy","false","safe","published"
"Cyberpunk 2077","","Лица русских актёров, которые озвучивали первую часть ещё смешнее должны выглядеть, там же и их голоса (или нет?)","https://dtf.ru/granger/2406112-dlya-cyberpunk-2077-phantom-liberty-vyshla-neiroozvuchka-na-russkom-yazyke?comment=34183342","community-humor","reserve","false","safe","reserve"
"Cyberpunk 2077","","Ясно, ведьмак с пушками 2077 хорошая игра. Так и запишем.","https://dtf.ru/granger/3902170-patch-2-3-dlya-cyberpunk-2077?comment=54077930","player-experience","reserve","false","safe","reserve"
"Cyberpunk 2077","","> В [название игры] появится возможность повторно участвовать в гонках с Клэр.","https://dtf.ru/games/2314020-cdpr-predstavila-masshtabnyi-patch-21-dlya-cyberpunk-2077-v-nem-dobavyat-metro?comment=32738052","player-experience","reserve","false","safe","reserve"
"Baldur’s Gate 3","1","То, что ты в каждой новости по BG3 пишешь одно и то же) Покажи, где тебя трогал изометрический медведь","https://dtf.ru/games/1977565-sven-vinke-chestno-govorya-ne-ponimayu-pochemu-drugie-studii-ne-delayut-klassicheskie-rpg?comment=27410199","player-experience","hard","false","safe","published"
"Baldur’s Gate 3","2","Окей, ожидать адекватного ответа от быдлана, который в нг заходит в комменты оскорбить человека, было глупо.","https://dtf.ru/games/2376144-igra-goda-1-mesto-baldurs-gate-3?comment=33904347","player-experience","hard/medium","false","safe","published"
"Baldur’s Gate 3","3","Предсказуемо печальный итог. Дать BG3 не просто место в топе, а вообще первое место - это не просто шаг назад для игрожура, это двойное сальто с тулупом и приземлением на шею, а для геймдева это ответ на вопрос ""почему игры всё ещё не искусство"".","https://dtf.ru/games/2376144-igra-goda-1-mesto-baldurs-gate-3?comment=33904329","player-experience","medium","false","safe","published"
"Baldur’s Gate 3","4","Вся эта простыня текста особого смысла не имеет, UI/UX в BG3 просто ужасен, максимально неудобен, перегружен и неинформативен, чего стоит интерфейс торговли или кнопка мультикласса, которая запрятана куда-то в жопу и я её нашёл например только спустя 80 часов игры, только потому,","https://dtf.ru/games/2370927-sravnitelnyi-analiz-dizaina-baldurs-gate-3-i-wh40k-rogue-trader?comment=33636440","player-experience","medium","false","safe","published"
"Baldur’s Gate 3","5","Не знаю, что у него там по швам разошлось. Второй акт бомбезный на сюжетные события. Именно в нем наконец понимаешь, с чем и с кем имеешь дело и охуеваешь. Третий акт сдаёт, но у меня все более менее лаконично завершилось.","https://dtf.ru/games/2059618-u-baldurs-gate-3-poyavilsya-pervyi-smeshannyi-obzor-na-metacritic-zhurnalist-postavil-igre-7-ballov-iz-10?comment=28691943","story","medium/easy","false","safe","published"
"Baldur’s Gate 3","6",">Геймплей Скудный и убогий >персонажи, сюжет, мир В это ларианы не умеют, что в очередной раз и продемонстрировали >интерактив мнимый >вариативность её нет >ВСЁ есть и исполнение на уровне на уровне говна. традиционно для ларианов.","https://dtf.ru/games/3083243-100-luchshih-pk-igr-po-versii-pc-gamer-baldurs-gate-3-na-pervom-meste?comment=44335051","mechanics; story","easy","false","safe","published"
"Baldur’s Gate 3","","Увидя [название игры] на первом месте, понял, что игровая индустрия умирает.","https://dtf.ru/games/3083243-100-luchshih-pk-igr-po-versii-pc-gamer-baldurs-gate-3-na-pervom-meste?comment=44333540","player-experience","reserve","false","safe","reserve"
"Baldur’s Gate 3","","Боюсь растерзают меня за такие слова, но слишком уж много бг дали наград, в некоторых категориях так и вовсе не заслуженно. С этого особенно выпал >Лучшее игровое сообщество - [название игры]","https://dtf.ru/games/2254962-absolyutnyi-triumf-baldurs-gate-3-itogi-golden-joystick-awards-2023?comment=31852364","player-experience","reserve","false","safe","reserve"
"Baldur’s Gate 3","",">По его мнению, после первого акта RPG от Larian Studios начинает «расходиться по швам». А в чём он не прав?","https://dtf.ru/games/2059618-u-baldurs-gate-3-poyavilsya-pervyi-smeshannyi-obzor-na-metacritic-zhurnalist-postavil-igre-7-ballov-iz-10?comment=28691839","player-experience","reserve","false","safe","reserve"
"DEATH STRANDING","1","Пиздец Кодзима выдал, ахуй… Просто дайте мне блять эту игру. Я хочу поиграть в игру года","https://dtf.ru/games/2462640-death-stranding-2-remeik-silent-hill-2-i-judas-chto-pokazali-na-state-of-play?comment=35186056","player-experience","hard","false","safe","published"
"DEATH STRANDING","2","2025 тупо один из лучших годов в игровой индустрии! Сначала шедевральный KCDII, потом DOOM, потом DS2... А если еще и GTA VI и Silksong выйдут, то я вообще всё закончу","https://dtf.ru/games/3626613-death-stranding-2-vyidet-26-iyunya-bolshoi-treiler-skrinshoty-i-podrobnosti-ob-igre?comment=49634525","player-experience","hard/medium","false","safe","published"
"DEATH STRANDING","3","То есть лучший год в который вышло 3 игры все из которых являются продолжением других франшиз? Братишка, посмотри что такое 1998, 2004, 2007 годы если хочешь знать что такое один из лучших годов в игровой индустрии.","https://dtf.ru/games/3626613-death-stranding-2-vyidet-26-iyunya-bolshoi-treiler-skrinshoty-i-podrobnosti-ob-igre?comment=49635079","player-experience","medium","false","safe","published"
"DEATH STRANDING","4","Fable, VTMB, The Suffering, LOTR: Battle for middle earth, Ninja Gaiden, World of Warcraft, Rome: Total War, Sacred, Painkiller, Chronicles of RIddick: Escape from butcher bay, Star Wars Battlefront, Killzone, Flatout и еще целую кучу игр поменьше которые либо открывали новые","https://dtf.ru/games/3626613-death-stranding-2-vyidet-26-iyunya-bolshoi-treiler-skrinshoty-i-podrobnosti-ob-igre?comment=49635516","player-experience","medium","false","safe","published"
"DEATH STRANDING","5","Первая часть доступна в Стиме. Кардинальных изменений в геймплее замечено не было","https://dtf.ru/games/2462640-death-stranding-2-remeik-silent-hill-2-i-judas-chto-pokazali-na-state-of-play?comment=35187253","mechanics","medium/easy","false","safe","published"
"DEATH STRANDING","6","[название игры] 2 - В С Ё Игра получила 60 баллов из 100 на Metacritic.","https://dtf.ru/games/3851499-death-stranding-2-obzory-i-otsenki?comment=53284667","player-experience","easy","false","safe","published"
"DEATH STRANDING","","Ничего тупее не слышал в жизни. Геймплей из 4 кнопок. Да. Там правда 6 активных персонажей, работающих уникально, со своими ветками прокачки и громадной вариативностью в построении билдов.","https://dtf.ru/games/3851499-death-stranding-2-obzory-i-otsenki?comment=53286606","mechanics; story","reserve","false","safe","reserve"
"DEATH STRANDING","","Когда он таким стал? Тут каждый второй хоронит Xbox. Комментаторы поговаривают, что в конце года Майкрософт точно закроет игровое подразделение и Sony в тот же день анонсирует: Bloodborne 2, Killzone, Twisted Metal, Factions 2, Syphon Filter 4, Days Gone 2, Uncharted 5. Наступит","https://dtf.ru/games/2462640-death-stranding-2-remeik-silent-hill-2-i-judas-chto-pokazali-na-state-of-play?comment=35187492","release-context","reserve","false","safe","reserve"
"DEATH STRANDING","","Он и закрытие студии разработчиков Concord предсказал 🤷‍♀️ До релиза игры","https://dtf.ru/games/3851499-death-stranding-2-obzory-i-otsenki?comment=53286687","release-context","reserve","false","safe","reserve"
"The Day Before","1","Ребята, в студии Fntastic прислали нам ключи игры, а мы отправляем их вам.","https://dtf.ru/games/2330791-mmo-ekshen-the-day-before-vyshel-v-rannem-dostupe-igra-stoit-1300-rublei?comment=32990516","player-experience","hard","false","safe","published"
"The Day Before","2","Нет, со Смутой все Смутно. Много ты там Геймплея увидел за все время?","https://dtf.ru/gameindustry/2340041-progrev-goda-kak-v-seti-otreagirovali-na-zakrytie-studii-fntastic?comment=33138345","mechanics","hard/medium","false","safe","published"
"The Day Before","3","Равно как и сингапурские разрабы [название игры]","https://dtf.ru/games/2333429-the-day-before-voshla-v-troiku-samyh-nizkoocenennyh-igr-v-steam-sredi-taitlov-s-tysyachami-obzorov?comment=33028655","player-experience","medium","false","safe","published"
"The Day Before","4",">[название игры] меняли под впечатлением от других игр Да не может такого быть","https://dtf.ru/gameindustry/2465680-smi-the-day-before-menyali-pod-vpechatleniem-ot-drugih-igr-a-sotrudnikov-fntastic-shtrafovali-i-uvolnyali-za-oshibki?comment=35242867","player-experience","medium","false","safe","published"
"The Day Before","5","Скажи это Atomic Heart. Если бы разрабы [название игры] сделали хотя бы на приемлимом уровне шутан в советском постапокалипсисе, то игра бы разлетелась как горячие пирожки, даже я бы её купил.","https://dtf.ru/gameindustry/2331192-onlain-ekshen-the-day-before-ot-studii-fntastic-startoval-v-steam-s-14-polozhitelnyh-otzyvov?comment=32997663","player-experience","medium/easy","false","safe","published"
"The Day Before","6","Студия создавшая [название игры] закрылась The Day After релиза","https://dtf.ru/gameindustry/2339862-studiya-fntastic-obyavila-o-svoem-zakrytii-iz-za-finansovogo-kraha-the-day-before?comment=33132080","release-context","easy","false","safe","published"
"The Day Before","","Грангер, давай под заголовок это, оно того стоит.","https://dtf.ru/gameindustry/2339862-studiya-fntastic-obyavila-o-svoem-zakrytii-iz-za-finansovogo-kraha-the-day-before?comment=33132414","player-experience","reserve","false","safe","reserve"
"The Day Before","",">«Любого, кто часто жаловался, выгоняли» Не знал, что сижу на сайте Fntastic","https://dtf.ru/gameindustry/2342480-lyubogo-kto-chasto-zhalovalsya-vygonyali-sotrudnik-fntastic-rasskazal-o-razrabotke-the-day-before?comment=33176637","player-experience","reserve","false","safe","reserve"
"The Day Before","","Тебе какая разница, какая комиссия у вальв? Сделай они ее 5 процентов, ценник на игры все равно не упал бы.","https://dtf.ru/gameindustry/2340331-the-day-before-snyali-s-prodazhi-v-steam?comment=33141251","player-experience","reserve","false","safe","reserve"
"Atomic Heart","1","Близняшки, конечно, горячие, но она...","https://dtf.ru/bewareofgod/1645531-na-pk-i-konsolyah-sostoyalsya-reliz-atomic-heart-ekshena-ob-alternativnom-sssr?comment=22913772","player-experience","hard","false","safe","published"
"Atomic Heart","2","Мужик, спасибо тебе огромное за то, что собрал всё это. Но есть один важный момент, на который не обращают многие - Стим спокойно позволяет бесплатно генерировать ключи.","https://dtf.ru/id344984/1599973-kto-i-zachem-nachal-zashishat-atomic-heart-kogda-razrabotchiki-diskreditirovali-sami-sebya?comment=22309915","player-experience","hard/medium","false","safe","published"
"Atomic Heart","3","Купил и что?) Это ведь ранняя сборка, которая не получит апдейты, а твоя сборка получит. Плюс вообще неясно, как эта сборка работает. Смотри на вещи с положительной точки зрения)","https://dtf.ru/games/1641280-utechka-debag-sborka-atomic-heartpopala-v-set-do-reliza?comment=22857889","player-experience","medium","false","safe","published"
"Atomic Heart","4",">это не показатель, они бы просто разорились. Разорились от того, что оставили возможность выбрать, покупать в стиме или vk play? Логика уровня ботов из тематических пабликов, активно защищающих эксклюзивность игры для VK Play под предлогом ""сделали удобнее"".","https://dtf.ru/games/1634280-obzory-atomic-heart-vyidut-20-fevralya-za-den-do-reliza-igry?comment=22765849","player-experience","medium","false","safe","published"
"Atomic Heart","5","Напомнило серию Саус Парка, где расизм замечали только взрослые. А дети, чей разум еще чист и не забит всяким дерьмом, видели на картинке только человечков, а не различия в цветах кожи.","https://dtf.ru/gameindustry/1654746-razrabotchiki-atomic-heart-poobeshali-ubrat-iz-igry-fragment-multfilma-nu-pogodi-kotoryi-sochli-rasistskim-v-seti?comment=23045617","community-humor","medium/easy","false","safe","published"
"Atomic Heart","6","> Разработчики [название игры] пообещали убрать из игры фрагмент мультфильма «Ну, погоди!» Скорее всего, заменят на фрагмент про Федю из «Приключений Шурика».","https://dtf.ru/gameindustry/1654746-razrabotchiki-atomic-heart-poobeshali-ubrat-iz-igry-fragment-multfilma-nu-pogodi-kotoryi-sochli-rasistskim-v-seti?comment=23042995","player-experience","easy","false","safe","published"
"Atomic Heart","","Да я вообще в неё играть не собираюсь, просто злорадствую. Только музыку из игры послушаю","https://dtf.ru/games/1641280-utechka-debag-sborka-atomic-heartpopala-v-set-do-reliza?comment=22858255","atmosphere","reserve","false","safe","reserve"
"Atomic Heart","","Господи, как же ты страдал! Ужасно, чел, надо задонатить на психолога тебе? п.с. купил в вкплей через сберпей за 2 клика, кайфово и супер-удобно, мне понравилось.","https://dtf.ru/games/1641280-utechka-debag-sborka-atomic-heartpopala-v-set-do-reliza?comment=22857909","monetization","reserve","false","safe","reserve"
"Atomic Heart","","ничоси год кстати прикольный. Я уже забыл что [название игры] и Хогварст в этом году вышли. Как будто давно так было","https://dtf.ru/games/2363387-debyut-goda-atomic-heart?comment=33625538","player-experience","reserve","false","safe","reserve"
"The Elder Scrolls V: Skyrim Special Edition","1","Игроки в 2050г: Это типичная игра от Bethesda, почему вы от нее чего то требуете? Да, у нас 50 лет нет окон в зданиях, ну и что?","https://dtf.ru/games/2097853-tovary-prodavcov-v-starfield-hranyatsya-v-spryatannyh-za-teksturami-sundukah-pryamo-kak-v-skyrim?comment=29305569","player-experience","hard","false","safe","published"
"The Elder Scrolls V: Skyrim Special Edition","2",">стандартная игра Беседки Это деградация каждой ""игры Бесезды"" начиная с Облы. Сейчас они достигли своего отрицательного пика, но то ли ещё будет, раз хавают и это.","https://dtf.ru/games/2097853-tovary-prodavcov-v-starfield-hranyatsya-v-spryatannyh-za-teksturami-sundukah-pryamo-kak-v-skyrim?comment=29305798","player-experience","hard/medium","false","safe","published"
"The Elder Scrolls V: Skyrim Special Edition","3",">На деле же игры Bethesda настолько детализированы и графически насыщены, что просто невозможно всё это загружать одновременно. это звучит довольно смешно, учитывая, что киберпанк существует","https://dtf.ru/games/3745305-zagruzochnye-ekrany-bethesda-mnenie-dizaynera?comment=51530383","community-humor","medium","false","safe","published"
"The Elder Scrolls V: Skyrim Special Edition","4","Раньше мир был единый. Выходишь после стартовой локации и идёшь куда глаза глядят. В филде у тебя глаза глядят на 2д карту и вечные подзагрузки туда сюда. Локации не связаны, просто набор 1000 генерированого кала с повторяющимся контентом","https://dtf.ru/games/2097853-tovary-prodavcov-v-starfield-hranyatsya-v-spryatannyh-za-teksturami-sundukah-pryamo-kak-v-skyrim?comment=29306312","technical","medium","false","safe","published"
"The Elder Scrolls V: Skyrim Special Edition","5","Кроме Секиро и Бладборн все одно и то же с рыцорями и башнями. У Тодда в одном ТЕС есть Морровинд, Обла и [название игры].","https://dtf.ru/games/3737709-todd-govard-i-bethesda-smotryat-dokumentalku-ob-oblivion?comment=51425706","player-experience","medium/easy","false","safe","published"
"The Elder Scrolls V: Skyrim Special Edition","6","Ну а если серьёзно, тут тебе скорее всего никто не поможет, потому что вряд ли кто-то играл в [название игры] с этими читами, когда есть легальный абуз, и консольные читы. Тут скорее на портал создателя сей поделки.","https://dtf.ru/id2042315/3850162-kak-vernut-normalnyy-uron-oruzhiya-v-skyrim-posle-chitov?comment=53261068","player-experience","easy","false","safe","published"
"The Elder Scrolls V: Skyrim Special Edition","","Да, видно, как у челика тогда глаза горели, неудивительно, что в этом творческом угаре он породил величайшую игру всех времён [название игры].","https://dtf.ru/games/3737709-todd-govard-i-bethesda-smotryat-dokumentalku-ob-oblivion?comment=51424283","community-humor","reserve","false","safe","reserve"
"The Elder Scrolls V: Skyrim Special Edition","","> этого все предметы, убитые враги или физические объекты остаются на месте, даже когда игрок покидает локацию. Это тоже есть?","https://dtf.ru/games/3745305-zagruzochnye-ekrany-bethesda-mnenie-dizaynera?comment=51530432","player-experience","reserve","false","safe","reserve"
"The Elder Scrolls V: Skyrim Special Edition","","Морровинд, Обла и [название игры] с мечами и магией. Те самые легендарные игры в каждой последующей из которых только урезали механики.","https://dtf.ru/games/3737709-todd-govard-i-bethesda-smotryat-dokumentalku-ob-oblivion?comment=51425771","mechanics","reserve","false","safe","reserve"
"Elden Ring","1","так наоборот же, это фанаты Бабадзаки перед каждым заходом в игру свою попу готовят","https://dtf.ru/games/3196406-eto-zhe-shutka-da-kak-v-seti-otreagirovali-na-nominaciyu-elden-ring-shadow-of-the-erdtree-na-zvanie-igry-goda?comment=45632397","player-experience","hard","false","safe","published"
"Elden Ring","2","Я уже представляю как эта хуета будет крутиться в ритме вальса, попутно опиздошивая гг. Просто ненавижу копейщиков в соулс-лайках, всем сердцем блять. Однако, где там мой кошелек...","https://dtf.ru/granger/2507051-pervyi-treiler-elden-ring-shadow-of-the-erdtree-reliz-21-iyunya-po-cene-2399-rublei?comment=35974017","player-experience","hard/medium","false","safe","published"
"Elden Ring","3","> Подача квестов у Миядзаки — один из вариантов, как убедить игрока в живости мира на экране. Мы, похоже, в разные игры играли. Более мертвого мира, чем в соулсах, еще поискать надо.","https://dtf.ru/games/2850750-nepopulyarnoe-mnenie-syuzhetnye-kvesty-v-elden-ring-luchshe-chem-v-hvalenom-baldurs-gate-3?comment=41241874","story","medium","false","safe","published"
"Elden Ring","4","Игрокам приготовиться к куче тредов с нытьем, почему [название игры], продавшийся в 20+ миллионов копий, имевший пиковый онлайн в 850к и довольно долго его державший, на самом деле плохая и никому ненужная игра.","https://dtf.ru/granger/2505642-pervyi-treiler-elden-ring-shadow-of-the-erdtree-pokazhut-21-fevralya?comment=35946739","player-experience","medium","false","safe","published"
"Elden Ring","5","Да я уже заметил. Вообще это забавно, как у каждой великой игры есть вот такие хейтеры, которые бегут быстрее высказать своё важное мнение) Я понимаю, что можно не любить [название игры] и не считать её никакой великой.","https://dtf.ru/granger/2722190-odno-iz-luchshih-dopolnenii-desyatiletiya-geimplei-skrinshoty-i-glavnoe-iz-prevyu-elden-ring-shadow-of-the-erdtree?comment=39473841","player-experience","medium/easy","false","safe","published"
"Elden Ring","6","Квесты в ER: - пойди туда, не знаю куда - найди там NPC и поговори с ним - еще раз поговори с ним - ещё раз поговори с ним, пока у него не закончатся фразы - отдохни у благодати - ещё раз поговори с NPC и получи от него квестовый предмет - догадайся, нахрена нужен этот квестовый","https://dtf.ru/games/2850750-nepopulyarnoe-mnenie-syuzhetnye-kvesty-v-elden-ring-luchshe-chem-v-hvalenom-baldurs-gate-3?comment=41254042","technical; story","easy","false","safe","published"
"Elden Ring","","Хватит скипать диалоги до секса в комментах, читай статью!","https://dtf.ru/games/2850750-nepopulyarnoe-mnenie-syuzhetnye-kvesty-v-elden-ring-luchshe-chem-v-hvalenom-baldurs-gate-3?comment=41241099","player-experience","reserve","false","safe","reserve"
"Elden Ring","","Да это все казуалы, которые не понимают гения Миядзаки. Пусть идут в свое марево прыгают или на бананы кликают. А у кого проблемы со статтерами, просто обновите свое железо, у журналистов вон все нормально было.","https://dtf.ru/steam/2760548-dopolnenie-shadow-of-the-erdtree-dlya-elden-ring-startovalo-so-smeshannyh-otzyvov-v-steam-bolshe-vsego-negativnyh-obzorov-ot-kitaiskih-igrokov?comment=40034058","player-experience","reserve","false","safe","reserve"
"Elden Ring","","Каккя соя, все нормальные люди которые поигрпли в длс в ахуе от того какое оно всратое по балансу, про финал молчу, это тупо рофл от Миядзаки.","https://dtf.ru/steam/2760548-dopolnenie-shadow-of-the-erdtree-dlya-elden-ring-startovalo-so-smeshannyh-otzyvov-v-steam-bolshe-vsego-negativnyh-obzorov-ot-kitaiskih-igrokov?comment=40034960","story","reserve","false","safe","reserve"
"Fallout 76","1","Похоже кто то давненько не запускал морру и облу. Я недавно запускал.","https://dtf.ru/gameindustry/2215795-esli-ty-sdelal-odnu-solnechnuyu-sistemu-ty-sdelal-90-raboty-dlya-sotni-byvshii-dizainer-bethesda-o-masshtabah-starfield?comment=31136061","player-experience","hard","false","safe","published"
"Fallout 76","2","> Как результат, в тайтлах Bethesda вы можете стать главой всех гильдий или лучшим другом всех компаньонов.","https://dtf.ru/gameindustry/2215795-esli-ty-sdelal-odnu-solnechnuyu-sistemu-ty-sdelal-90-raboty-dlya-sotni-byvshii-dizainer-bethesda-o-masshtabah-starfield?comment=31135200","player-experience","hard/medium","false","safe","published"
"Fallout 76","3","> Несмит признал, что в итоге исследование в Starfield вышло не таким интересным, как хотелось бы игрокам и самой Bethesda.","https://dtf.ru/gameindustry/2215795-esli-ty-sdelal-odnu-solnechnuyu-sistemu-ty-sdelal-90-raboty-dlya-sotni-byvshii-dizainer-bethesda-o-masshtabah-starfield?comment=31135150","player-experience","medium","false","safe","published"
"Fallout 76","4",">если ты сделал самый хуевый рандомайзер в видеоиграх, считай 90% игры сделано Рассказал ведущий лидер Bethesda Тодд Ховард","https://dtf.ru/gameindustry/2215795-esli-ty-sdelal-odnu-solnechnuyu-sistemu-ty-sdelal-90-raboty-dlya-sotni-byvshii-dizainer-bethesda-o-masshtabah-starfield?comment=31135278","player-experience","medium","false","safe","published"
"Concord","1",">не учли, что аудитория уже устала от однотипных геройских шутеров без изюминки Ну да, а райвалс выстрелила потому что она офигеть какая изюмистая.","https://dtf.ru/games/3339541-glavnye-razocharovaniya-2024-go-dlya-redakcii-dtf-ot-concord-do-dragon-age-the-veilguard?comment=47214200","player-experience","hard","false","safe","published"
"Concord","2","""В связи с этим игра официально не продаётся в странах, где такую учётную запись создать нельзя, например, в Казахстане."" Спасибо Sony что уберегли нас от этой игры","https://dtf.ru/games/2935256-vyshel-concord-geroiskii-pvp-shuter-ot-sony?comment=42258136","player-experience","hard/medium","false","safe","published"
"Concord","3","Имхо: могут посадить клепать ремастеры шутеров Sony от первого лица. Не могут сделать своё, пусть хоть с пользой время проводят. В них уже слишком много денег вложено было, чтобы просто увольнять. P.S.: чо, пацаны, Killzone?","https://dtf.ru/games/2965180-razrabotchikov-kaznyat-a-ne-prosto-sokratyat-kak-v-seti-otreagirovali-na-zakrytie-serverov-concord?comment=42740191","player-experience","medium","false","safe","published"
"Concord","4","Молвят, [название игры] войдёт в топ по онлайну и продажам.","https://dtf.ru/games/2954155-analitik-prodazhi-concord-sostavili-okolo-25-tysyach-kopii?comment=42579035","player-experience","medium","false","safe","published"
"Concord","5","Вот это реально смешно. Посты с шутками про барнаулцев и успех Веилгарда никто не то что не удалял, но даже в шб не отправляли. А вот стоило кому-то из пользователей написать что-то плохое про игру или про то, что у нее плохие продажи, так сразу же удаление поста.","https://dtf.ru/games/3339541-glavnye-razocharovaniya-2024-go-dlya-redakcii-dtf-ot-concord-do-dragon-age-the-veilguard?comment=47214633","community-humor","medium/easy","false","safe","published"
"Concord","6","Чет вообще не понятно, для кого [название игры] делается, очередная жвачка про каличей с абилками. Видимо, лавры Bleeding Edge покоя не дают","https://dtf.ru/games/2712175-god-of-war-ragnark-na-pk-geimplei-shutera-concord-v-duhe-overwatch-i-remeik-silent-hill-2-chto-pokazali-na-state-of-play?comment=39323457","player-experience","easy","false","safe","published"
"Concord","","Сони не делают роскошные игры со времен ПС2. [название игры] такое же мессиво как хорайзен с павуком.","https://dtf.ru/games/2942829-igroki-stali-zhalovatsya-na-vremya-ozhidaniya-matchei-v-concord-ono-dostigaet-15-minut?comment=42383534","player-experience","reserve","false","safe","reserve"
"Concord","","> Marathon не повторит ошибок [название игры] Он сделает новые.","https://dtf.ru/games/3829742-german-hulst-marathon-izbezhit-oshibok-concord?comment=52934886","player-experience","reserve","false","safe","reserve"
"Concord","","Вот он, тот самый единственный фанат [название игры], что играет в него с 300 аккаунтов.","https://dtf.ru/games/2944662-maksimalnyi-sutochnyi-onlain-concord-v-steam-opustilsya-nizhe-300-chelovek?comment=42417532","player-experience","reserve","false","safe","reserve"
"The Last of Us Part II","1","> Обозреватели назвали ремастер лучшей версией игры, которую обязательно следует опробовать всем поклонникам > Разработчики внесли лишь небольшие визуальные изменения > Многие журналисты признались, что большой разницы с обычной версией всё-таки не увидели Суууууука","https://dtf.ru/games/2429095-shedevr-stal-eshe-luchshe-ocenki-remastera-the-last-of-us-part-ii-91-ball-iz-100-na-metacritic?comment=34570593","atmosphere","hard","false","safe","published"
"The Last of Us Part II","2",">Элли и Эбби зеркальные отражения >даже имена похожи >приходят к тому, что смысла в этом круговороте насилия нет >поэтому поддерживать кого-то в этой борьбе смысла нет Блять.","https://dtf.ru/games/3712334-the-last-of-us-part-ii-obzor-i-sovety-po-igre-na-pk?comment=51039375","player-experience","hard/medium","false","safe","published"
"The Last of Us Part II","3","Всё так, сюжет субъективен но как игра супер, особенно стрельба и импакт.","https://dtf.ru/games/2429095-shedevr-stal-eshe-luchshe-ocenki-remastera-the-last-of-us-part-ii-91-ball-iz-100-na-metacritic?comment=34569356","story","medium","false","safe","published"
"The Last of Us Part II","4","Категорически не разделяю хейта ко второй части. На мой взгляд, при всех своих тараканах в голове Дракманн все-таки один из немногих, кто продвигает сингловые сюжетные высокобюджетные игры, а не дроч на вышки и цифры в красивых декорациях (наравне с Лэйком, Кодзимой и","https://dtf.ru/games/3712334-the-last-of-us-part-ii-obzor-i-sovety-po-igre-na-pk?comment=51042390","story; atmosphere","medium","false","safe","published"
"The Last of Us Part II","5","Если у тебя турбины перегреваются от того что один набор пикселей убил другой набор пикселей, то соболезнуем) А вообще игра выстроена нормально, ты ВНЕЗАПНО (если не ловить спойлеры), начинаешь играть за персонажа который намеренно выставлен антагонистом, а Дракманн начинает лить","https://dtf.ru/games/3712334-the-last-of-us-part-ii-obzor-i-sovety-po-igre-na-pk?comment=51041086","story","medium/easy","false","safe","published"
"The Last of Us Part II","6","[название игры] неиронично крутая игра, и она лучше первой части. Не набрасываю, не провоцирую, я и ещё многие люди реально так считаем","https://dtf.ru/games/2429095-shedevr-stal-eshe-luchshe-ocenki-remastera-the-last-of-us-part-ii-91-ball-iz-100-na-metacritic?comment=34569300","player-experience","easy","false","safe","published"
"The Last of Us Part II","","Самое смешное, что теперь будет игра с графикой лучше, чем у многих игр сделанных сразу под пс5.","https://dtf.ru/games/2270955-oficialno-remaster-the-last-of-us-part-ii-vyidet-19-yanvarya?comment=32156347","community-humor; atmosphere","reserve","false","safe","reserve"
"The Last of Us Part II","",">10 баксов за такое масштабное обновление игры это дорого? МАЩТАБНОЕ ОБНОВЛЕНИЕ, найди 10 отличий)","https://dtf.ru/games/2270955-oficialno-remaster-the-last-of-us-part-ii-vyidet-19-yanvarya?comment=32156888","player-experience","reserve","false","safe","reserve"
"The Last of Us Part II","","Эти новые режимы бесплатно патчами делают разрабы которые даже близко такими тиражами игры не продают. Даже у Тсусимы от той же Сони новый режим бесплатно раздавали.","https://dtf.ru/games/2270955-oficialno-remaster-the-last-of-us-part-ii-vyidet-19-yanvarya?comment=32158116","technical","reserve","false","safe","reserve"
"Bloodborne","1","Sony и FromSoftware увернулось от его предложения и ловко бэкстебнуло игнором в спину","https://dtf.ru/id63086/2876478-strimer-kai-cenat-prizval-sony-i-fromsoftware-perevypustit-bloodborne?comment=41540172","player-experience","hard","false","safe","published"
"Bloodborne","2",">В Shadow of the Erdtree появится ещё одно отравленное болото. Миядзаки заявил, что после выпуска Elden Ring провёл самоанализ и понял, что ему нравится создавать такие локации. Да кто бы блять сомневался...","https://dtf.ru/granger/2507318-eto-nashe-krupneishee-dopolnenie-v-istorii-detali-elden-ring-shadow-of-the-erdtree-ot-hidetaki-miyadzaki?comment=35977830","player-experience","hard/medium","false","safe","published"
"Bloodborne","3","Я справочная служба тебе? Открываешь реддит, протираешь глаза и смотришь посты на сабреддитах по fromsoftware и souls и делаешь выводы. Ты сам сидишь в посте про выпрашивание у разрабов порта и говоришь, что никому не надо. Найди хоть один пост про сиквел Sekiro или DS.","https://dtf.ru/games/2744612-hidetaka-miyadzaki-nazval-bloodborne-relikviei-proshlogo-kotoruyu-bylo-by-zdorovo-dat-bolshemu-kolichestvu-igrokov?comment=39790802","player-experience","medium","false","safe","published"
"Bloodborne","4","Людям хочется пройти игру в хорошем качестве и при 60 FPS, что тут плохого? Даже мне, прошедшему бладик на пс4, хочется ремастер или ремейк","https://dtf.ru/games/2744612-hidetaka-miyadzaki-nazval-bloodborne-relikviei-proshlogo-kotoruyu-bylo-by-zdorovo-dat-bolshemu-kolichestvu-igrokov?comment=39790095","technical","medium","false","safe","published"
"Bloodborne","5","не, мне поебать если честно что на сони, что на [название игры], что на конкорд, я просто интересуюсь откуда у тебя статистика","https://dtf.ru/hard/3417143-neveroyatnoe-dostizhenie-v-digital-foundry-vysoko-ocenili-rabotu-bloodborne-na-pk-cherez-shadps4?comment=47979588","player-experience","medium/easy","false","safe","published"
"Bloodborne","6","[название игры] 2 сегодня анонсируют, проверяй!","https://dtf.ru/hard/3417143-neveroyatnoe-dostizhenie-v-digital-foundry-vysoko-ocenili-rabotu-bloodborne-na-pk-cherez-shadps4?comment=47978830","release-context","easy","false","safe","published"
"Bloodborne","","А Kart уберет по запросу Nintendo. Ждем """" получается","https://dtf.ru/gameindustry/2452890-avtory-fanatskoi-bloodborne-kart-uberut-iz-igry-brending-bloodborne-po-trebovaniyu-sony?comment=35011296","player-experience","reserve","false","safe","reserve"
"Bloodborne","","Прошел ельден ринг на релизе, буквально худшая работа миядзаки.","https://dtf.ru/granger/2507318-eto-nashe-krupneishee-dopolnenie-v-istorii-detali-elden-ring-shadow-of-the-erdtree-ot-hidetaki-miyadzaki?comment=35978233","release-context","reserve","false","safe","reserve"
"Bloodborne","","Мне кажется уже всем очевидно, что они выпустят ремейк под релиз PS6. Если они уж никому не нужный DS ремейкнули, то [название игры] тем более ремейкнут.","https://dtf.ru/id63086/2876478-strimer-kai-cenat-prizval-sony-i-fromsoftware-perevypustit-bloodborne?comment=41540249","release-context","reserve","false","safe","reserve"
"No Man's Sky","1","NMS: Выпускают недоделанную игру но спустя годы всё исправляют - Вот же Шон молодец, респект. CDPR: Выпускают недоделанную игру но спустя годы всё исправляют - раньше надо было, идите дальше лохов разводите, говноделы.","https://dtf.ru/games/2824803-avtory-no-mans-sky-predstavili-masshtabnyi-apdeit-50-v-nem-polnostyu-obnovili-vselennuyu?comment=40900437","player-experience","hard","false","safe","published"
"No Man's Sky","2","NMS: Выпускают недоделанную игру но спустя 8 лет всё исправляют - всем дтфом продолжаем вспоминать отвратительный релиз. CDPR: Выпускают недоделанную игру но спустя три года решили забить болт и оставить игру в состоянии кривой поделки- молодцы, респект","https://dtf.ru/games/2824803-avtory-no-mans-sky-predstavili-masshtabnyi-apdeit-50-v-nem-polnostyu-obnovili-vselennuyu?comment=40900968","release-context","hard/medium","false","safe","published"
"No Man's Sky","3","Можно элементарно дать игроку выбор - как он хочет перемещаться: фасттревелом через загрузочный экран или ручками. Самое простое и логичное решение. Не понимаю тех, кто так яро дефает безальтернативные загрузочные экраны - это фанбойство в последней стадии.","https://dtf.ru/avi/2088655-posadka-i-vzlet-c-planet-v-starfield-elite-dangerous-star-citizen-no-mans-sky?comment=29154557","technical","medium","false","safe","published"
"No Man's Sky","4","Посмотрел когда-то видос от Internet Historian'a, где он подробно рассказал историю разработки NMS. Какой бы игра не была, но Шон и команда действительно достойны уважения","https://dtf.ru/games/1734963-dlya-no-mans-sky-vyshlo-krupnoe-obnovlenie-interceptor-v-nem-dobavili-oskvernennye-miry-i-raznoobrazili-srazheniya?comment=24132923","story; co-op","medium","false","safe","published"
"No Man's Sky","5",">[название игры] и Cyberpunk 2077 — самые известные игры, которым удалось пережить катастрофический релиз, а их разработчикам — вернуть доверие игроков.","https://dtf.ru/daniel/2336730-razrabotchiki-cyberpunk-2077-podderzhali-anons-novoi-igry-shona-myurreya-i-poshutili-chto-ee-vsegda-mozhno-ispravit-pozzhe?comment=33081815","release-context","medium/easy","false","safe","published"
"No Man's Sky","6","По сравнению с историей [название игры], исправление багов в Cyberpunk 2077 и рядом не стояло.","https://dtf.ru/daniel/2336730-razrabotchiki-cyberpunk-2077-podderzhali-anons-novoi-igry-shona-myurreya-i-poshutili-chto-ee-vsegda-mozhno-ispravit-pozzhe?comment=33082628","technical; story","easy","false","safe","published"
"No Man's Sky","","сюжет пройти, освоить язык рас, найти крутые корабли, отправлять их в экспедиции, выполнять миссии с другими игроками, вырастить свой корабль, найти поселение и сделать его классным то что в голову пришло)","https://dtf.ru/games/2824803-avtory-no-mans-sky-predstavili-masshtabnyi-apdeit-50-v-nem-polnostyu-obnovili-vselennuyu?comment=40900567","story","reserve","false","safe","reserve"
"No Man's Sky","","У Тодда буквально та же история с Фаллаут 76, не?","https://dtf.ru/games/2332162-avtory-no-mans-sky-predstavili-light-no-fire-fenteziinuyu-igru-na-planete-razmerom-s-zemlyu?comment=33008995","story","reserve","false","safe","reserve"
"No Man's Sky","","Ну да. Простые и логичные решения часто требуют трудозатрат на их реализацию. Сделать неудобную пользователю халтуру часто дешевле и не требует ничего. Что в итоге и имеем.","https://dtf.ru/avi/2088655-posadka-i-vzlet-c-planet-v-starfield-elite-dangerous-star-citizen-no-mans-sky?comment=29155041","player-experience","reserve","false","safe","reserve"
"Red Dead Redemption 2","1","Две замечательные игры. Какая разница, кто там что взял","https://dtf.ru/gameindustry/2300875-red-dead-redemption-2-obnovila-svoi-rekord-po-onlainu-v-steam-cherez-chetyre-goda-posle-reliza-na-pk?comment=32511843","player-experience","hard","false","safe","published"
"Red Dead Redemption 2","2","В смысле ""какая разница""? А как тогда сраться на дтф из-за циферок?","https://dtf.ru/gameindustry/2300875-red-dead-redemption-2-obnovila-svoi-rekord-po-onlainu-v-steam-cherez-chetyre-goda-posle-reliza-na-pk?comment=32511867","player-experience","hard/medium","false","safe","published"
"Red Dead Redemption 2","3","До сих пор считаю, что TGA 2018 должна была взять именно РДР 2, а не новые похождения Кратоса с пездюком","https://dtf.ru/gameindustry/2300875-red-dead-redemption-2-obnovila-svoi-rekord-po-onlainu-v-steam-cherez-chetyre-goda-posle-reliza-na-pk?comment=32511797","player-experience","medium","false","safe","published"
"Red Dead Redemption 2","4",">общепризнанный шедевр Rockstar Games Хорош, забайтил на коммент Игра далеко не шедевр. За красивой картинкой и игрой актёров сидит примитивная и одновременно душная игра, которая не умеет развлекать игрока и не уважает его интеллект Не раскрылась","https://dtf.ru/gameindustry/2300875-red-dead-redemption-2-obnovila-svoi-rekord-po-onlainu-v-steam-cherez-chetyre-goda-posle-reliza-na-pk?comment=32512703","atmosphere","medium","false","safe","published"
"Hogwarts Legacy","1","ааааыыыыы пачиму озвучили хогвартс, ааааыыы лучши бы киберпанк ааааыыыыы","https://dtf.ru/games/2379946-dlya-hogwarts-legacy-vyshla-besplatnaya-russkaya-ozvuchka-ot-gamesvoice?comment=33796427","player-experience","hard","false","safe","published"
"Hogwarts Legacy","2","Дико извеняюс пробегал кобанчиком увидел ваш хогвартс легаси чё тут? АХАХХААХ бляяя 25+ лет мужику сидят палочками машут и увороты жмут, я в твоих годах уже в интернешенал участвовал)) ладно до встречи Задроты бляя)))","https://dtf.ru/games/1612842-pervye-ocenki-hogwarts-legacy-86-ballov-iz-100-na-metacritic?comment=22494139","player-experience","hard/medium","false","safe","published"
"Hogwarts Legacy","3","пишут что аваланчи не обосрались, хогвартс ебейший который интересно пылесосить, что боевка не такая хуевая какая кажется, даже РЕИГРАБЕЛЬНОСТЬ какая-то есть, в игре тонны фансервиса, прочих приколов но ругают скучные активности за пределами школы, небольшие технические огрехи и","https://dtf.ru/games/1612842-pervye-ocenki-hogwarts-legacy-86-ballov-iz-100-na-metacritic?comment=22493092","mechanics","medium","false","safe","published"
"Hogwarts Legacy","4","Ну конечно конечно, есть только твое мнение и не правильное, ясненько. Но все же это твои влажные фантазии, а то что [название игры] самая продаваемая игра года - это факт, с которым не поспоришь.","https://dtf.ru/games/2373330-eurogamer-nazval-50-luchshih-igr-2023-goda-v-top-ne-popali-starfield-i-hogwarts-legacy?comment=33678018","player-experience","medium","false","safe","published"
"Hogwarts Legacy","5","Свич ахуй, каждый раз думаю: ""ну нет doom/wolfensten 2/doom eternal/witcher 3/dying light/borderlands 3/[название игры] он тооочно не потянет"", а он тянет. Походу время купить какой-нить лайт перед сном гонять... вспомнил что туда ещё и Arkham Knight портанут, кайф🙄","https://dtf.ru/hard/2263346-sam-fakt-chto-igra-rabotaet-vpechatlyaet-hogwarts-legacy-protestirovali-na-nintendo-switch?comment=32014433","player-experience","medium/easy","false","safe","published"
"Hogwarts Legacy","6","""Многочисленные оптимизации не привели к тому, чтобы [название игры] стала бы выглядеть плохо"" Привели. Выглядит как говно","https://dtf.ru/hard/2263346-sam-fakt-chto-igra-rabotaet-vpechatlyaet-hogwarts-legacy-protestirovali-na-nintendo-switch?comment=32013520","technical","easy","false","safe","published"
"Hogwarts Legacy","","Кстати. А где в номинациях Хогвартс. Он может и плох по сюжету, но музыка и анимации огонь.","https://dtf.ru/hard/2263346-sam-fakt-chto-igra-rabotaet-vpechatlyaet-hogwarts-legacy-protestirovali-na-nintendo-switch?comment=32016273","story; atmosphere","reserve","false","safe","reserve"
"Hogwarts Legacy","","Ахааххаха ахуевший графоний в Хогвартс Легаси ахахаха","https://dtf.ru/hard/1626994-optimalnye-nastroiki-hogwarts-legacy-sravnil-nastroiki-v-igre-i-vybral-optimalnye-vse-na-ultra-uhudshaet-kartinku?comment=22747992","player-experience","reserve","false","safe","reserve"
"Hogwarts Legacy","","Чтобы исправить подтормаживания достаточно просто снизить настройки графики до уровня PS5. Нежели тратиться на саму консоль и игры за 10000 рублей вместо торрентов.","https://dtf.ru/games/1629648-igroki-nashli-dva-sposoba-ispravit-podtormazhivaniya-v-hogwarts-legacy-na-pk?comment=22705900","atmosphere","reserve","false","safe","reserve"
"Disco Elysium - The Final Cut","1","Визуальные новеллы тоже игры, как ни крути. На первом месте ВН, на втором - кино, на третьем - контурные карты и таблички. Так и живём.","https://dtf.ru/games/2187076-izdanie-pc-gamer-sostavilo-reiting-100-luchshih-pk-igr-disco-elysium-na-pervom-meste?comment=30598219","atmosphere","hard","false","safe","published"
"Disco Elysium - The Final Cut","2","То есть вы хотите сказать, что Doom (1993), которая сделала революцию в шутерах от первого лица в плане гейм дизайна и просто ОГРОМНУЮ в техническом плане на 42 месте!?","https://dtf.ru/games/2187076-izdanie-pc-gamer-sostavilo-reiting-100-luchshih-pk-igr-disco-elysium-na-pervom-meste?comment=30598428","player-experience","hard/medium","false","safe","published"
"Disco Elysium - The Final Cut","3",">1. [название игры] Даже и не против как-то, сам год назад её прошёл и пережил целый спектр эмоций, как в детстве, когда к вечеру просто бежал к пк, чтобы вновь погрузиться.","https://dtf.ru/games/2187076-izdanie-pc-gamer-sostavilo-reiting-100-luchshih-pk-igr-disco-elysium-na-pervom-meste?comment=30615259","player-experience","medium","false","safe","published"
"Disco Elysium - The Final Cut","4","> Нет геймплея По своей сути [название игры] - это один большой квест.","https://dtf.ru/games/2187076-izdanie-pc-gamer-sostavilo-reiting-100-luchshih-pk-igr-disco-elysium-na-pervom-meste?comment=30599791","mechanics; story","medium","false","safe","published"
"Grand Theft Auto V Legacy","1","Тревор и семья майкла ахуеные хз о чем ты","https://dtf.ru/gta/2370812-ign-sostavil-reiting-luchshih-chastei-grand-theft-auto-gta-v-na-pervom-meste?comment=33633081","player-experience","hard","false","safe","published"
"Grand Theft Auto V Legacy","2","Хз, вродь норм. Но прям вау эффекта не вызывло. Рокстары ударились в визуальный симс ещё с пятерки, ну минимум с четвёрки, поэтому ощущается, будто за такой красивой обёрткой будут вялые и деревянные персонажи, а сюжет проседать.","https://dtf.ru/gta/2322035-rockstar-predstavila-gta-vi-pervyi-treiler?comment=32872015","story; atmosphere","hard/medium","false","safe","published"
"Grand Theft Auto V Legacy","3","В первом трейлере [название игры] только Майкл на полторы секунды появляется, и то при условии, что ты знаешь, кто это.","https://dtf.ru/gta/2322035-rockstar-predstavila-gta-vi-pervyi-treiler?comment=32869122","player-experience","medium","false","safe","published"
"Grand Theft Auto V Legacy","4","Это буквально на несколько голов выше чем трейлер [название игры]. А то что там у тебя «атмосферно» это потому что ты эту игру уже 10 лет видишь. Через 10 лет и этот трейлер будет атмосферным","https://dtf.ru/gta/2322035-rockstar-predstavila-gta-vi-pervyi-treiler?comment=32869127","atmosphere","medium","false","safe","published"
"Grand Theft Auto V Legacy","5",">Разница графики минимальная, а DLSS, как и FSR, — пустышка Кандидат на самый пиздабольский отзыв ДЛСС [название игры] нужен был, как воздух. Спасибо убогим вариантам сглаживания в Легаси версии Что действительно херово - отсутствие текстового чата","https://dtf.ru/games/3613808-obnovlennaya-gta-v-startovala-so-smeshannyh-otzyvov-v-steam?comment=49487001","atmosphere","medium/easy","false","safe","published"
"Grand Theft Auto V Legacy","6","я раньше мечтал поиграть в [название игры]. Но поиграв.... какой же она была клоунской...какие же неинтересные и скучные персонажи... Так и не понял за что ее так многие любят. Может для многих она была первой и потому им нравится","https://dtf.ru/gta/2370812-ign-sostavil-reiting-luchshih-chastei-grand-theft-auto-gta-v-na-pervom-meste?comment=33632847","story","easy","false","safe","published"
"Grand Theft Auto V Legacy","","Никогда не понимал любви к [название игры], настолько скучная и не интересная игра","https://dtf.ru/games/3613808-obnovlennaya-gta-v-startovala-so-smeshannyh-otzyvov-v-steam?comment=49491307","player-experience","reserve","false","safe","reserve"
"Grand Theft Auto V Legacy","","[название игры] ни в каком месте не песочница, лол. Это скорее парк одноразовых аттракционов","https://dtf.ru/games/2928549-pereproshel-gta-v-v-2024-godu?comment=42158921","player-experience","reserve","false","safe","reserve"
"Grand Theft Auto V Legacy","","Только что перепрошёл гта 4 - для своего времени игра была прорывом, и я потратил на нее кучу часов, но сегодня игра смотрится довольно посредственно - однообразные миссии, с плохим геймдизайном (телепортирующиеся куча врагов), унылые перестрелки и корявое управление, плохая","https://dtf.ru/games/2928549-pereproshel-gta-v-v-2024-godu?comment=42158393","mechanics","reserve","false","safe","reserve"
"Helldivers 2","1","Цифровая площадка VK Play запустила продажи ключей активации игр для Steam.","https://dtf.ru/gameindustry/2867807-vk-play-nachal-prodavat-steam-klyuchi-dlya-igr?comment=41439201","player-experience","hard","false","safe","published"
"Helldivers 2","2","Давай будем честны, ты порвался не потому, что это сессионка, а потому, что это игра от Sony.","https://dtf.ru/games/3313141-igra-goda-4-mesto-helldivers-2?comment=46974535","player-experience","hard/medium","false","safe","published"
"Helldivers 2","3","> ну конечно, комфортную игру убить из-за пары нытиков Так никто и не ныл, всем похуй, глобал похуй.","https://dtf.ru/games/2539219-avtorov-helldivers-2-raskritikovali-za-vyskazyvanie-odnogo-iz-razrabotchikov-on-negativno-otreagiroval-na-zamechaniya-igrokov?comment=36555585","player-experience","medium","false","safe","published"
"Helldivers 2","4","Вчера плевались на беседку за платный скин на лошадь в подливионе, а сегодня благодарим за отсутствие p2w в АА платной игре 😁 Поезд давно уехал, потребители в массе своей люди ведомые и неприхотливые, мы уже приняли что за пейволлом теперь и доступ к игре раньше(чего блять?) и","https://dtf.ru/gameindustry/2485913-tvorcheskii-direktor-helldivers-2-o-mikrotranzakciyah-nuzhno-zarabotat-pravo-na-monetizaciyu?comment=35612505","technical","medium","false","safe","published"
"Helldivers 2","5",">Один из пользователей поблагодарил разработчиков [название игры] за «нехищные» микротранзакции >поблагодарил >за микротранзакции","https://dtf.ru/gameindustry/2485913-tvorcheskii-direktor-helldivers-2-o-mikrotranzakciyah-nuzhno-zarabotat-pravo-na-monetizaciyu?comment=35609571","technical","medium/easy","false","safe","published"
"Helldivers 2","6","> Один из пользователей поблагодарил разработчиков [название игры] за «нехищные» микротранзакции В очередной раз убеждаюсь что геймеры сами заслужили то что сейчас происходит с монетизацией в индустрии.","https://dtf.ru/gameindustry/2485913-tvorcheskii-direktor-helldivers-2-o-mikrotranzakciyah-nuzhno-zarabotat-pravo-na-monetizaciyu?comment=35610262","technical; monetization","easy","false","safe","published"
"Helldivers 2","","все равно это не официальное распространение ключей. магазинов которые продают ключи официально и сотрудничают с издателями очень мало (humble-bundle один из них).","https://dtf.ru/games/3313141-igra-goda-4-mesto-helldivers-2?comment=47010170","monetization","reserve","false","safe","reserve"
"Helldivers 2","",">Лучше бы глобус увидел, а не боевые картинки кидал какие попало.","https://dtf.ru/games/3313141-igra-goda-4-mesto-helldivers-2?comment=46977064","mechanics","reserve","false","safe","reserve"
"Helldivers 2","","Я в восторге от игры. Купил через несколько дней после релиза, играю только с рэндомами и здесь во всех топиках, посвященных игре, топлю за нее и уверяю, что покупка стоит своих денег.","https://dtf.ru/games/2539219-avtorov-helldivers-2-raskritikovali-za-vyskazyvanie-odnogo-iz-razrabotchikov-on-negativno-otreagiroval-na-zamechaniya-igrokov?comment=36563406","release-context","reserve","false","safe","reserve"
"Dragon Age: На страже Завесы","1","Надо помнить, что Вейлгард очень дорогой и блокбастерный. Сколько было влито бабла во все эти ассеты, в гигантскую говнотонну эмбиентной озвучки (зачастую еще и динамически меняющейся по ходу игры, с новыми неписями появляющимися в зачищенных данжах вроде подземки Cock City), в","https://dtf.ru/granger/3213656-analitik-startovye-pokazateli-dragon-age-the-veilguard-v-ssha-okazalis-horoshimi-no-ne-vydayushimisya?comment=45824815","player-experience","hard","false","safe","published"
"Dragon Age: На страже Завесы","2","я тоже не особо силен в английском, но вроде там написано про то, что британские ученые провели исследования и выявили множество целебных свойств у Балтики 7, если же употреблять Балтику 7 в некоторых регионах, таких как Воркута, например, то целебные свойства удваиваются и даже","https://dtf.ru/granger/3124745-otlichnaya-rpg-ocenki-dragon-age-the-veilguard-84-balla-iz-100-na-metacritic?comment=44839170","player-experience","hard/medium","false","safe","published"
"Dragon Age: На страже Завесы","3","Тут игра уже сама себе занижает оценку","https://dtf.ru/granger/3124745-otlichnaya-rpg-ocenki-dragon-age-the-veilguard-84-balla-iz-100-na-metacritic?comment=44838890","release-context","medium","false","safe","published"
"Dragon Age: На страже Завесы","4","Тааш это следствие проблемы, на ней проще всего показать что не так, а основная проблема то, что все делалось инклюзивно, чтобы никто не обиделся, чтобы не дай бог не было перегруженной механиками и именно поэтому получился беззубый результат.","https://dtf.ru/granger/3825001-proval-dragon-age-the-veilguard?comment=52869368","mechanics","medium","false","safe","published"
"Dragon Age: На страже Завесы","5","Вариативный редактор персонажа, а не полдюжины лиц на расу✅ Современная экшоновая боевка без кубов ✅ Озвученный персонаж, а не немой болванчик ✅ Качественные катсцены с ПОСТАНОВОЙ ✅ Колоритные сопартийцы в лучших традициях BioWare ✅ Вот он - рецепт легендарной премиум-ААА-RPG.","https://dtf.ru/granger/2739414-mnogo-ekshena-romany-so-vsemi-sputnikami-i-prorabotannyi-pobochnyi-kontent-glavnoe-iz-prevyu-dragon-age-the-veilguard?comment=39712956","mechanics; story","medium/easy","false","safe","published"
"Dragon Age: На страже Завесы","6","Главная причина провала [название игры] - в том, что биовар контора тридварасов, которая давно забыла как делать нормальные ролевые игры с интересными квестами и персонажами. Но виновата, конечно, ЕА.","https://dtf.ru/granger/3825001-proval-dragon-age-the-veilguard?comment=52865534","story","easy","false","safe","published"
"Dragon Age: На страже Завесы","","Реальная проблема игры в том, что её уже на этапе маркетинга браканула огромная часть игроков когда увидела всё это распиздяйство, которое ещё и подкрепилось, уже крылатой фразой: не для вас сделано было.","https://dtf.ru/granger/3825001-proval-dragon-age-the-veilguard?comment=52867215","player-experience","reserve","false","safe","reserve"
"Dragon Age: На страже Завесы","",">Фанат бронелифчиков? Фанат передергиваний ? У нас же не было Ведьмака или той же Балды, где броня похожа на броню, а не на цирковые наряды. Если бы хотели стилизации, то вернули бы визуал ДА2. >Отлично подчёркивает игровой процесс и не отвлекает от игры Тонко","https://dtf.ru/games/3252260-proshel-do-konca-dragon-age-the-veilguard?comment=46256293","atmosphere","reserve","false","safe","reserve"
"Dragon Age: На страже Завесы","",">Много экшена, романы с кем угодно и проработанный побочный контент — главное из превью [название игры] Хорошо, хорошо, убедили. Пропускаем","https://dtf.ru/granger/2739414-mnogo-ekshena-romany-so-vsemi-sputnikami-i-prorabotannyi-pobochnyi-kontent-glavnoe-iz-prevyu-dragon-age-the-veilguard?comment=39712797","player-experience","reserve","false","safe","reserve"
"S.T.A.L.K.E.R. 2: Сердце Чернобыля","1","Охренеть сколько неадекватов из рф в чате. Приходят в чат просто насрать гадости. Выглядит игра красиво. Звуки нравятся.","https://dtf.ru/granger/2902197-krasoty-zony-35-vidov-oruzhiya-i-svoboda-geimplei-i-detali-stalker-2?comment=41833201","atmosphere","hard","false","safe","published"
"S.T.A.L.K.E.R. 2: Сердце Чернобыля","2","Рофл за рофлом, в 2022 говорили, что переносов на 2024 не будет.","https://dtf.ru/id63086/2846601-stalker-2-heart-of-chornobyl-perenesli-na-20-noyabrya?comment=41172265","player-experience","hard/medium","false","safe","published"
"S.T.A.L.K.E.R. 2: Сердце Чернобыля","3","> В S.T.A.L.K.E.R. 2 нет традиционной системы прокачки уровней. Что значит традиционной? Ни в одном сталкере не было такой системы","https://dtf.ru/granger/2902197-krasoty-zony-35-vidov-oruzhiya-i-svoboda-geimplei-i-detali-stalker-2?comment=41836150","mechanics","medium","false","safe","published"
"S.T.A.L.K.E.R. 2: Сердце Чернобыля","4","Идут по лесу Дюймовочка, Белоснежка и [название игры]. Дюймовочка: — Я самая маленькая на свете.","https://dtf.ru/id63086/2846601-stalker-2-heart-of-chornobyl-perenesli-na-20-noyabrya?comment=41172128","player-experience","medium","false","safe","published"
"S.T.A.L.K.E.R. 2: Сердце Чернобыля","5","единственная разница в том, что в них вливают бабло западные студии, но даже так они умудряются делать лютые обсёры типа той же The Sinking City, издатель Deep Silver думаю в восторге был) а теперь вот 10 лет в страшных потугах рожают [название игры], которого Юбисофт могли бы за 1 год","https://dtf.ru/granger/2902197-krasoty-zony-35-vidov-oruzhiya-i-svoboda-geimplei-i-detali-stalker-2?comment=41832794","player-experience","medium/easy","false","safe","published"
"S.T.A.L.K.E.R. 2: Сердце Чернобыля","6","Я только внесу небольшую правку дорожной карты разработки [название игры]: 2020 - Первый тизер 2021 - первый анонс даты выхода 2022 - первый перенос 2023 - второй перенос 2024 - третий перенос 2024 - четвертый перенос <———- ВЫ ЗДЕСЬ 2025 - разработка игры 2026 - разработка игры 2027 -","https://dtf.ru/id63086/2846601-stalker-2-heart-of-chornobyl-perenesli-na-20-noyabrya?comment=41172348","release-context","easy","false","safe","published"
"S.T.A.L.K.E.R. 2: Сердце Чернобыля","","Да нет, игра как раз таки выглядит очень странно. Либо на презентации ранний билд без ""марафета"", либо разработчики проф.непригодны Ибо увиденное можно разве что с владик бруталом сравнить.","https://dtf.ru/granger/2902197-krasoty-zony-35-vidov-oruzhiya-i-svoboda-geimplei-i-detali-stalker-2?comment=41836248","player-experience","reserve","false","safe","reserve"
"S.T.A.L.K.E.R. 2: Сердце Чернобыля","","Игра изначально должна было выйти летом 2022, её переносили уже столько раз, что Киберпанк курит в сторонке.","https://dtf.ru/id63086/2846601-stalker-2-heart-of-chornobyl-perenesli-na-20-noyabrya?comment=41171852","player-experience","reserve","false","safe","reserve"
"Assassin’s Creed Shadows","1","Virgin Warhorse studios: не добавляют негров в Kingdom Come Deliverance, потому что в реальной средневековой Богемии их не было, а те 2.5, что могли быть, были рабами. Chad Ubisoft: находят единственного на всю Японию негра и делают его главным героем.","https://dtf.ru/games/2681282-dlya-assasina-ego-dospehi-slishkom-uzh-blestyashie-kak-v-seti-ocenili-treilery-assassins-creed-shadows?comment=38830563","player-experience","hard","false","safe","published"
"Assassin’s Creed Shadows","2","Если геймплеем за Ясукэ будет стирка набедренных повязок, то я согласен с отсутствием повестки","https://dtf.ru/games/2681282-dlya-assasina-ego-dospehi-slishkom-uzh-blestyashie-kak-v-seti-ocenili-treilery-assassins-creed-shadows?comment=38829964","mechanics","hard/medium","false","safe","published"
"Assassin’s Creed Shadows","3",">В это же время геймплей за Ясукэ не всегда ощущается правильно и удачно Потому что не пришей кобыле хвост. Во всех отношениях.","https://dtf.ru/games/3647115-luchshaya-igra-serii-za-10-let-ocenki-assassins-creed-shadows-82-balla-iz-100?comment=49933571","mechanics","medium","false","safe","published"
"Assassin’s Creed Shadows","4","Только в итоге Самураем он не был. Там сами черные покопались в истории и оказалось, что он был рабом, а потом носильщиком. Про это большая дискуссия в твиттере была.","https://dtf.ru/games/2680712-pervyi-treiler-assassins-creed-shadows-v-igre-budet-dva-glavnyh-geroya?comment=38820195","story","medium","false","safe","published"
"Assassin’s Creed Shadows","5",">Разработчики [название игры] сделают столы и полки в игровых святилищах неразрушаемыми, а также уменьшат количество сцен с кровопролитием, которые происходят в храмах.","https://dtf.ru/games/3649171-yaponskie-vlasti-osudili-razrushenie-svyatilish-v-assassins-creed-shadows-ubisoft-vse-ispravit?comment=49968890","player-experience","medium/easy","false","safe","published"
"Assassin’s Creed Shadows","6","Наконец-то [название игры] уже совсем близко, и я просто не могу дождаться Ubisoft снова удивляет, и эта игра выглядит как эпическое приключение. Не могу дождаться, чтобы исследовать мир, освоить стелс- механики и погрузиться в экшен. Уровень хайпа зашкаливает","https://dtf.ru/games/3649171-yaponskie-vlasti-osudili-razrushenie-svyatilish-v-assassins-creed-shadows-ubisoft-vse-ispravit?comment=49968914","mechanics","easy","false","safe","published"
"Assassin’s Creed Shadows","","Все вокруг: [название игры]- хорошая игра Пользователи DTF: убистфт маст дай, всё в игре плохо, и требования высокие, и ртх не ртх, и анимации говнище и тд и тп....","https://dtf.ru/games/3651529-assassins-creed-shadows-startovala-s-ochen-polozhitelnymi-otzyvami-v-steam-onlain-prevysil-40-tysyach?comment=50013114","player-experience","reserve","false","safe","reserve"
"Assassin’s Creed Shadows","","Да-да, конечно, ""они используют ботов"". Как только хейтспич захлёбывается, тут же придумывают отмазку в виде ботов и накрутки со стороны Ubisoft.","https://dtf.ru/life/3663489-ubisoft-otvetila-ilonu-masku-assassins-creed-shadows?comment=50215601","player-experience","reserve","false","safe","reserve"
"Assassin’s Creed Shadows","","Ubisoft - гигачады 👊 пусть этот корабль никогда не тонет 🤗","https://dtf.ru/games/3743585-ubisoft-novye-igry-assassins-creed?comment=51499999","player-experience","reserve","false","safe","reserve"
"Silent Hill 2","1",">у нее даже шарма и уверенности не чувствую Скрин из последнего трейлера. И да, у япошек мария получилась пиздец какая криповая, особенно на скрине твоем","https://dtf.ru/games/2951383-silent-hill-2-remake-problemy-s-mariei?comment=42533783","player-experience","hard","false","safe","published"
"Silent Hill 2","2","Ну они много чего назвиздели, что не нашло отражения в игре и так и осталось словами (и фанами сх считается каноном в итоге). Я говорю про то, что я видел своими глазами при прохождении игры. А глазами я видел швабру с гигантским ртом))","https://dtf.ru/games/2951383-silent-hill-2-remake-problemy-s-mariei?comment=42532463","player-experience","hard/medium","false","safe","published"
"Silent Hill 2","3","Писал в другом посте напишу и тут: Мария по лору работает танцовщицей в стрип клубе. Т.е. она по определению должна быть - секс. Мария в ремейке, судя по всему, работает в танцовщицей в стрип клубе на трассе Туапсе - Майкоп и гоняет по трассе с дальнобоями.","https://dtf.ru/games/2951383-silent-hill-2-remake-problemy-s-mariei?comment=42549335","player-experience","medium","false","safe","published"
"Silent Hill 2","4","Потрясает, что кто-то считает откровенную швабру из оригинала ""более красивой версией Мэри"". Как раз для меня всё, что ты описал, работает в точности если поменять сх2 ремэйк и оригинал местами. В оригинале Мэри более приятная версия Марии, в ремейке Мария более приятна.","https://dtf.ru/games/2951383-silent-hill-2-remake-problemy-s-mariei?comment=42531966","atmosphere","medium","false","safe","published"
"Kingdom Come: Deliverance II","1","Нет. Остаются сюжет, локации, атмосфера.","https://dtf.ru/games/3480219-kingdom-come-deliverance-ii-eto-kakoi-to-ad?comment=48569456","story; atmosphere","hard","false","safe","published"
"Kingdom Come: Deliverance II","2",">разъебать >Dragon Age Dreadwolf >Avowed >STALKER 2 )) Даже маскарад, зв и ассасин не так сомнительно, как эти.","https://dtf.ru/games/2624804-sostoyalsya-anons-kingdom-come-deliverance-ii-treiler-i-skrinshoty?comment=37943404","player-experience","hard/medium","false","safe","published"
"Kingdom Come: Deliverance II","3","Мне очень сильно нравится RDR2(прошёл 2 раза) хотя её называют очень медлительной и скучной, из этого можно сделать вывод, что я люблю погружаться в мир и исследовать его.","https://dtf.ru/games/3480219-kingdom-come-deliverance-ii-eto-kakoi-to-ad?comment=48607986","player-experience","medium","false","safe","published"
"Kingdom Come: Deliverance II","4","Банальная условность для оправдание прокачки персонажа, которая под разными вводными кочует из игры в игру последние лет 30","https://dtf.ru/games/3379112-masshtabno-krasivo-i-smelo-glavnoe-iz-prevyu-kingdom-come-deliverance-ii?comment=47554944","mechanics; story","medium","false","safe","published"
"Kingdom Come: Deliverance II","5",">кривая боевка это не боевка кривая, это руки не в ту сторону завернуты и персонаж твой слабый и ничего не умеет, ты хотя бы удар в колено, рипост на противоходе, связки? абсолютно убежден, что ты бездумно махаешь мечом и срешь то в чем не разобрался и не понимаешь","https://dtf.ru/games/3480219-kingdom-come-deliverance-ii-eto-kakoi-to-ad?comment=48568944","mechanics; story","medium/easy","false","safe","published"
"Kingdom Come: Deliverance II","6","Чот в конце года нас грозятся разъебать большими рпг/экшен-рпг в открытом мире - [название игры], Dragon Age Dreadwolf, Avowed, Vampire Masquerade Bloodlines 2, STALKER 2, Star Wars Outlaws, новый ассассин.","https://dtf.ru/games/2624804-sostoyalsya-anons-kingdom-come-deliverance-ii-treiler-i-skrinshoty?comment=37943358","player-experience","easy","false","safe","published"
"Kingdom Come: Deliverance II","","Чел, твоя жизнь - это унылый проходняк, а KCD - очень интересная и самобытная игра, каких хотелось бы видеть больше, и я, как и все нормальные люди, безмерно рад анонсу второй части.","https://dtf.ru/games/2624804-sostoyalsya-anons-kingdom-come-deliverance-ii-treiler-i-skrinshoty?comment=37943403","release-context","reserve","false","safe","reserve"
"Kingdom Come: Deliverance II","","Игра года уровня Драконьей Догмы 2, про которую буквально все забыли и даже не номинировали Более чем уверен, что тут будет аналогичная ситуация и игра так же быстро вылетит из инфополя и чартов.","https://dtf.ru/games/3379112-masshtabno-krasivo-i-smelo-glavnoe-iz-prevyu-kingdom-come-deliverance-ii?comment=47556375","technical","reserve","false","safe","reserve"
"Kingdom Come: Deliverance II","","Даже первую не забыли и она всегда в пользовательских топах присутствует. Игра - феномен, и вторая будет еще десятилетия везде всплывать. Это не Драгонс Догма 2, лол","https://dtf.ru/games/3379112-masshtabno-krasivo-i-smelo-glavnoe-iz-prevyu-kingdom-come-deliverance-ii?comment=47556802","player-experience","reserve","false","safe","reserve"
"Clair Obscur: Expedition 33","1",">что на пике у Sandfall было около 40 штатных сотрудников, однако над игрой также активно трудились восемь корейских аниматоров, а четверо разработчиков Scorn помогали с консольными версиями те самые ""только 30 человека работало над игрой""","https://dtf.ru/games/3847582-sozdanie-clair-obscur-expedition-33?comment=53222602","player-experience","hard","false","safe","published"
"Clair Obscur: Expedition 33","2","Блять тебе в пролог говорят, что Густав детей хотел завести, а Софи наоборот не хотела (она считала жестоко заводить детей и обрекать их на раннюю смерть) Разъебал бы тебя и дальше, но как было сказано раньше, твой наброс в стиле претензий папича, не стоит того.","https://dtf.ru/games/3840067-obzor-igry-clair-obscur-expedition-33?comment=53094996","player-experience","hard/medium","false","safe","published"
"Clair Obscur: Expedition 33","3","Blue Prince я бы даже на первое мог поставить, невероятно глубокая игра, возрождающая жанр квестов. А Clair Obscur в художественном плане прекрасна.","https://dtf.ru/games/3864575-metacritic-luchshie-igry-2025?comment=53496290","story","medium","false","safe","published"
"Clair Obscur: Expedition 33","4","В подаче. Не буду утверждать что тема эскапизма из Экспедиции 33 нигде ранее не всплывала, но разница в том как этот сюжет подается - через характеры персонажей, через их живые диалоги, через актерскую игру...","https://dtf.ru/flood/4610181-innovatsii-jrpg-v-clair-obscur-expedition-33?comment=59764146","story","medium","false","safe","published"
"Clair Obscur: Expedition 33","5","Не припомню такой год, где было бы настолько очевидно, кто станет ГОТИ 😎 [название игры]","https://dtf.ru/games/3864575-metacritic-luchshie-igry-2025?comment=53497326","player-experience","medium/easy","false","safe","published"
"Clair Obscur: Expedition 33","6",">«Качество» — около 1440p, 30 fps >«Качество» — около 1224p, 30 fps >«Производительность» — около 864p, 60 fps >[название игры] хорошо выглядит и стабильно работает на всех «старших» консолях Это шутка такая?","https://dtf.ru/hard/3737714-testirovanie-expedition-33-v-digital-foundry?comment=51416942","technical; community-humor","easy","false","safe","published"
"Clair Obscur: Expedition 33","","Есть в мире разные сюжетно ориентированные игры. Выходят они себе, выходят, выходят.","https://dtf.ru/gameindustry/3748435-syuhei-yoshida-clair-obscur-expedition-33?comment=51581637","story","reserve","false","safe","reserve"
"Clair Obscur: Expedition 33","","Никому не был интересен настолько, что Persona 5 и FF7 Remake продавались хорошо, и новые части серий так и выходят.","https://dtf.ru/flood/4610181-innovatsii-jrpg-v-clair-obscur-expedition-33?comment=59763461","player-experience","reserve","false","safe","reserve"
"Clair Obscur: Expedition 33","","> Уже давно фанаты [название игры] пишут о том что их любимая игра «привнесла инновации в стагнирующий жанр с унылой боевкой» А где пишут то?","https://dtf.ru/flood/4610181-innovatsii-jrpg-v-clair-obscur-expedition-33?comment=59761086","mechanics","reserve","false","safe","reserve"
